A,B,C,D,E,F 
most,0,0,0,0,0
tool hard,0.323,0.35500000000000004,0.296,0.356,0.263
not candy,0.1960000000000001,0.764,0.776,0.77,0.74
hide,0.27999999999999997,0.314,0.38,0.5820000000000001,0.258
less,0,0,0,0,0
identity,0.49400000000000005,0.282,0.266,0.316,0.22400000000000003
identity,0.49400000000000005,0.282,0.266,0.316,0.22400000000000003
more,0,0,0,0,0
more,0,0,0,0,0
not not alone,0.746,0.632,0.27,0.34,0.688
not not alone,0.746,0.632,0.27,0.34,0.688
not not alone,0.746,0.632,0.27,0.34,0.688
never,0,0,0,0,0
not,0,0,0,0,0
more,0,0,0,0,0
identity,0.49400000000000005,0.282,0.266,0.316,0.22400000000000003
tool tool,0.316,0.266,0.242,0.27,0.246
identity,0.49400000000000005,0.282,0.266,0.316,0.22400000000000003
window reserved,0.425,0.279,0.309,0.298,0.246
panic complete,0.24,0.46799999999999997,0.508,0.792,0.33599999999999997
wonder,0.644,0.242,0.27599999999999997,0.32,0.238
like,0,0,0,0,0
movie,0.786,0.346,0.426,0.386,0.33199999999999996
complete,0,0,0,0,0
dark,0.362,0.32799999999999996,0.434,0.614,0.252
most,0,0,0,0,0
identity,0.49400000000000005,0.282,0.266,0.316,0.22400000000000003
strong,0.704,0.316,0.242,0.32999999999999996,0.23399999999999999
answer little,0.47000000000000003,0.284,0.27,0.3,0.22200000000000003
panic,0.24,0.46799999999999997,0.508,0.792,0.33599999999999997
identity,0.49400000000000005,0.282,0.266,0.316,0.22400000000000003
clock,0.3,0.262,0.27599999999999997,0.27999999999999997,0.252
movie,0.786,0.346,0.426,0.386,0.33199999999999996
time,0.414,0.356,0.39,0.43200000000000005,0.264
news,0.42800000000000005,0.418,0.49000000000000005,0.466,0.418
most,0,0,0,0,0
any,0,0,0,0,0
more,0,0,0,0,0
fun sun,0.89,0.23600000000000004,0.22800000000000004,0.25,0.217
clock,0.3,0.262,0.27599999999999997,0.27999999999999997,0.252
clock,0.3,0.262,0.27599999999999997,0.27999999999999997,0.252
home time office,0.538,0.356,0.3746666666666666,0.358,0.2826666666666667
clock,0.3,0.262,0.27599999999999997,0.27999999999999997,0.252
game,0.706,0.378,0.318,0.294,0.24
hay,0.346,0.22799999999999998,0.22400000000000003,0.23399999999999999,0.254
name,0.508,0.298,0.27799999999999997,0.264,0.252
not not,0,0,0,0,0
freedom free,0.8780000000000001,0.24299999999999997,0.258,0.302,0.22400000000000003
education,0.764,0.29,0.258,0.3,0.24
space,0.512,0.242,0.3,0.37,0.22200000000000003
identity,0.49400000000000005,0.282,0.266,0.316,0.22400000000000003
like,0,0,0,0,0
like,0,0,0,0,0
free,0.8720000000000001,0.22999999999999998,0.22999999999999998,0.266,0.21800000000000003
answer,0.47000000000000003,0.284,0.27,0.3,0.22200000000000003
less any,0,0,0,0,0
strong,0.704,0.316,0.242,0.32999999999999996,0.23399999999999999
free,0.8720000000000001,0.22999999999999998,0.22999999999999998,0.266,0.21800000000000003
learn more,0.706,0.33999999999999997,0.304,0.33199999999999996,0.22200000000000003
secure watch more,0.606,0.238,0.267,0.293,0.24299999999999997
not easy,0.21600000000000003,0.7779999999999999,0.77,0.762,0.782
clock,0.3,0.262,0.27599999999999997,0.27999999999999997,0.252
less any,0,0,0,0,0
space reserved,0.458,0.28300000000000003,0.324,0.359,0.24500000000000002
space reserved,0.458,0.28300000000000003,0.324,0.359,0.24500000000000002
space reserved,0.458,0.28300000000000003,0.324,0.359,0.24500000000000002
news,0.42800000000000005,0.418,0.49000000000000005,0.466,0.418
history,0.4,0.3,0.34199999999999997,0.308,0.306
like,0,0,0,0,0
world secure key,0.6066666666666667,0.2706666666666667,0.28933333333333333,0.3013333333333333,0.25399999999999995
more,0,0,0,0,0
identity,0.49400000000000005,0.282,0.266,0.316,0.22400000000000003
news,0.42800000000000005,0.418,0.49000000000000005,0.466,0.418
education pencil ink,0.45799999999999996,0.27399999999999997,0.24133333333333332,0.254,0.24533333333333335
not,0,0,0,0,0
identity,0.49400000000000005,0.282,0.266,0.316,0.22400000000000003
good office more,0.632,0.331,0.308,0.30999999999999994,0.28300000000000003
green,0.626,0.22000000000000003,0.23399999999999999,0.21400000000000002,0.22799999999999998
time,0.414,0.356,0.39,0.43200000000000005,0.264
more,0,0,0,0,0
identity,0.49400000000000005,0.282,0.266,0.316,0.22400000000000003
family,0.922,0.294,0.3,0.248,0.21800000000000003
fur tower,0.39799999999999996,0.306,0.339,0.33499999999999996,0.335
identity,0.49400000000000005,0.282,0.266,0.316,0.22400000000000003
world hard improve computer,0.5614999999999999,0.34750000000000003,0.306,0.34349999999999997,0.271
hard,0.32999999999999996,0.44400000000000006,0.35,0.442,0.27999999999999997
home,0.82,0.284,0.346,0.264,0.244
more,0,0,0,0,0
very useful,0.355,0.127,0.11599999999999999,0.11399999999999999,0.11200000000000002
bright social blue,0.6739999999999999,0.26066666666666666,0.346,0.2813333333333333,0.23066666666666666
mind,0.5980000000000001,0.384,0.4,0.42800000000000005,0.352
mind,0.5980000000000001,0.384,0.4,0.42800000000000005,0.352
any,0,0,0,0,0
arm very,0.366,0.246,0.21800000000000003,0.23399999999999999,0.22599999999999998
identity,0.49400000000000005,0.282,0.266,0.316,0.22400000000000003
identity,0.49400000000000005,0.282,0.266,0.316,0.22400000000000003
save,0.706,0.246,0.266,0.296,0.20600000000000002
identity,0.49400000000000005,0.282,0.266,0.316,0.22400000000000003
save,0.706,0.246,0.266,0.296,0.20600000000000002
world free hard space,0.5750000000000001,0.30900000000000005,0.3115,0.35750000000000004,0.257
time,0.414,0.356,0.39,0.43200000000000005,0.264
arm very,0.366,0.246,0.21800000000000003,0.23399999999999999,0.22599999999999998
time,0.414,0.356,0.39,0.43200000000000005,0.264
black treat,0.54,0.383,0.41500000000000004,0.403,0.313
too,0,0,0,0,0
time,0.414,0.356,0.39,0.43200000000000005,0.264
clock,0.3,0.262,0.27599999999999997,0.27999999999999997,0.252
village house,0.5279999999999999,0.236,0.254,0.24,0.23600000000000004
free,0.8720000000000001,0.22999999999999998,0.22999999999999998,0.266,0.21800000000000003
life,0.9119999999999999,0.356,0.4,0.404,0.272
learn,0.706,0.33999999999999997,0.304,0.33199999999999996,0.22200000000000003
not candy,0.1960000000000001,0.764,0.776,0.77,0.74
very more useful,0.42600000000000005,0.15240000000000004,0.13920000000000002,0.1368,0.13440000000000002
news,0.42800000000000005,0.418,0.49000000000000005,0.466,0.418
hay,0.346,0.22799999999999998,0.22400000000000003,0.23399999999999999,0.254
name not,0.508,0.298,0.27799999999999997,0.264,0.252
computer,0.538,0.368,0.258,0.286,0.284
less,0,0,0,0,0
man,0.6679999999999999,0.396,0.362,0.36,0.33999999999999997
like,0,0,0,0,0
fear,0.22400000000000003,0.454,0.504,0.874,0.32799999999999996
fun sun,0.89,0.23600000000000004,0.22800000000000004,0.25,0.217
not easy,0.21600000000000003,0.7779999999999999,0.77,0.762,0.782
not candy,0.1960000000000001,0.764,0.776,0.77,0.74
like more,0,0,0,0,0
arm,0.366,0.246,0.21800000000000003,0.23399999999999999,0.22599999999999998
event success,0.6900000000000001,0.25599999999999995,0.269,0.301,0.231
clock,0.3,0.262,0.27599999999999997,0.27999999999999997,0.252
free computer win,0.7613333333333334,0.28933333333333333,0.25066666666666665,0.27399999999999997,0.24533333333333332
power,0.692,0.34199999999999997,0.27999999999999997,0.476,0.294
power,0.692,0.34199999999999997,0.27999999999999997,0.476,0.294
more,0,0,0,0,0
people pet,0.729,0.327,0.356,0.317,0.29900000000000004
hide,0.27999999999999997,0.314,0.38,0.5820000000000001,0.258
black glass blue red,0.41,0.3945,0.43099999999999994,0.40599999999999997,0.29250000000000004
paper,0.322,0.354,0.302,0.302,0.316
paper,0.322,0.354,0.302,0.302,0.316
arm,0.366,0.246,0.21800000000000003,0.23399999999999999,0.22599999999999998
learn,0.706,0.33999999999999997,0.304,0.33199999999999996,0.22200000000000003
obnoxious,0.25,0.6639999999999999,0.308,0.298,0.55
learn,0.706,0.33999999999999997,0.304,0.33199999999999996,0.22200000000000003
hate hate,0.20400000000000001,0.8119999999999999,0.648,0.636,0.604
watch,0.4,0.25,0.27599999999999997,0.284,0.258
save,0.706,0.246,0.266,0.296,0.20600000000000002
like,0,0,0,0,0
kind,0.834,0.22200000000000003,0.22200000000000003,0.20600000000000002,0.21000000000000002
more privacy,0.309,0.152,0.144,0.158,0.11599999999999999
arm,0.366,0.246,0.21800000000000003,0.23399999999999999,0.22599999999999998
arm,0.366,0.246,0.21800000000000003,0.23399999999999999,0.22599999999999998
arm,0.366,0.246,0.21800000000000003,0.23399999999999999,0.22599999999999998
vision,0.616,0.272,0.262,0.294,0.23399999999999999
movie,0.786,0.346,0.426,0.386,0.33199999999999996
fun sun,0.89,0.23600000000000004,0.22800000000000004,0.25,0.217
power,0.692,0.34199999999999997,0.27999999999999997,0.476,0.294
not candy,0.1960000000000001,0.764,0.776,0.77,0.74
power,0.692,0.34199999999999997,0.27999999999999997,0.476,0.294
more,0,0,0,0,0
fun,0.932,0.20800000000000002,0.21400000000000002,0.22400000000000003,0.20600000000000002
time,0.414,0.356,0.39,0.43200000000000005,0.264
much,0,0,0,0,0
not candy,0.1960000000000001,0.764,0.776,0.77,0.74
power,0.692,0.34199999999999997,0.27999999999999997,0.476,0.294
clock,0.3,0.262,0.27599999999999997,0.27999999999999997,0.252
too much,0,0,0,0,0
freedom free,0.8780000000000001,0.24299999999999997,0.258,0.302,0.22400000000000003
very useful,0.355,0.127,0.11599999999999999,0.11399999999999999,0.11200000000000002
more,0,0,0,0,0
soft,0.742,0.22999999999999998,0.25,0.23399999999999999,0.21600000000000003
privacy,0.618,0.304,0.288,0.316,0.23199999999999998
clock,0.3,0.262,0.27599999999999997,0.27999999999999997,0.252
engine,0.322,0.242,0.22799999999999998,0.262,0.262
more privacy,0.309,0.152,0.144,0.158,0.11599999999999999
privacy,0.618,0.304,0.288,0.316,0.23199999999999998
hide,0.27999999999999997,0.314,0.38,0.5820000000000001,0.258
less time,0.5860000000000001,0.6439999999999999,0.61,0.568,0.736
achievement,0.8779999999999999,0.21200000000000002,0.22799999999999998,0.262,0.21200000000000002
gold,0.722,0.23399999999999999,0.22000000000000003,0.21600000000000003,0.258
cold,0.294,0.442,0.446,0.376,0.296
fun,0.932,0.20800000000000002,0.21400000000000002,0.22400000000000003,0.20600000000000002
fun sun,0.89,0.23600000000000004,0.22800000000000004,0.25,0.217
like comfort,0.6736000000000001,0.168,0.1984,0.192,0.16
office,0.38,0.42800000000000005,0.388,0.378,0.33999999999999997
answer,0.47000000000000003,0.284,0.27,0.3,0.22200000000000003
people,0.626,0.382,0.38,0.386,0.344
save,0.706,0.246,0.266,0.296,0.20600000000000002
hay,0.346,0.22799999999999998,0.22400000000000003,0.23399999999999999,0.254
clock,0.3,0.262,0.27599999999999997,0.27999999999999997,0.252
clock,0.3,0.262,0.27599999999999997,0.27999999999999997,0.252
clock,0.3,0.262,0.27599999999999997,0.27999999999999997,0.252
life couple,0.861,0.32199999999999995,0.362,0.363,0.259
arm,0.366,0.246,0.21800000000000003,0.23399999999999999,0.22599999999999998
hope hope,0.8140000000000001,0.22000000000000003,0.27,0.264,0.22000000000000003
fun,0.932,0.20800000000000002,0.21400000000000002,0.22400000000000003,0.20600000000000002
nice,0.8539999999999999,0.22200000000000003,0.23199999999999998,0.22799999999999998,0.22400000000000003
fun,0.932,0.20800000000000002,0.21400000000000002,0.22400000000000003,0.20600000000000002
people,0.626,0.382,0.38,0.386,0.344
computer,0.538,0.368,0.258,0.286,0.284
not candy,0.1960000000000001,0.764,0.776,0.77,0.74
life time,0.6629999999999999,0.356,0.395,0.418,0.268
dark space,0.437,0.285,0.367,0.492,0.23700000000000002
not,0,0,0,0,0
fun sun,0.89,0.23600000000000004,0.22800000000000004,0.25,0.217
not,0,0,0,0,0
quick,0.506,0.266,0.262,0.282,0.22799999999999998
not,0,0,0,0,0
art,0.686,0.348,0.376,0.314,0.32799999999999996
fun sun,0.89,0.23600000000000004,0.22800000000000004,0.25,0.217
arm,0.366,0.246,0.21800000000000003,0.23399999999999999,0.22599999999999998
people valentine,0.745,0.325,0.366,0.319,0.29500000000000004
quick,0.506,0.266,0.262,0.282,0.22799999999999998
not plant,0.5,0.766,0.77,0.764,0.782
vision free,0.744,0.251,0.246,0.27999999999999997,0.22599999999999998
broken broken,0.22799999999999998,0.5780000000000001,0.646,0.48200000000000004,0.33999999999999997
machine,0.37,0.33799999999999997,0.27599999999999997,0.364,0.27799999999999997
easy,0.784,0.22200000000000003,0.22999999999999998,0.238,0.21800000000000003
time,0.414,0.356,0.39,0.43200000000000005,0.264
easy,0.784,0.22200000000000003,0.22999999999999998,0.238,0.21800000000000003
window key,0.434,0.25,0.257,0.24900000000000003,0.225
easy,0.784,0.22200000000000003,0.22999999999999998,0.238,0.21800000000000003
fun sun,0.89,0.23600000000000004,0.22800000000000004,0.25,0.217
black yellow,0.417,0.4,0.43100000000000005,0.418,0.33399999999999996
not,0,0,0,0,0
easy,0.784,0.22200000000000003,0.22999999999999998,0.238,0.21800000000000003
fun sun,0.89,0.23600000000000004,0.22800000000000004,0.25,0.217
easy,0.784,0.22200000000000003,0.22999999999999998,0.238,0.21800000000000003
fun sun,0.89,0.23600000000000004,0.22800000000000004,0.25,0.217
not hit,0.688,0.354,0.49400000000000005,0.44400000000000006,0.544
watch pet,0.616,0.261,0.304,0.266,0.256
fun sun,0.89,0.23600000000000004,0.22800000000000004,0.25,0.217
easy,0.784,0.22200000000000003,0.22999999999999998,0.238,0.21800000000000003
easy,0.784,0.22200000000000003,0.22999999999999998,0.238,0.21800000000000003
easy,0.784,0.22200000000000003,0.22999999999999998,0.238,0.21800000000000003
people,0.626,0.382,0.38,0.386,0.344
people,0.626,0.382,0.38,0.386,0.344
people,0.626,0.382,0.38,0.386,0.344
not candy,0.1960000000000001,0.764,0.776,0.77,0.74
easy,0.784,0.22200000000000003,0.22999999999999998,0.238,0.21800000000000003
fun sun,0.89,0.23600000000000004,0.22800000000000004,0.25,0.217
most easy,0.7056,0.19980000000000003,0.207,0.2142,0.1962
most easy,0.7056,0.19980000000000003,0.207,0.2142,0.1962
vision,0.616,0.272,0.262,0.294,0.23399999999999999
most easy,0.7056,0.19980000000000003,0.207,0.2142,0.1962
game game,0.706,0.378,0.318,0.294,0.24
most easy,0.7056,0.19980000000000003,0.207,0.2142,0.1962
most easy,0.7056,0.19980000000000003,0.207,0.2142,0.1962
fun,0.932,0.20800000000000002,0.21400000000000002,0.22400000000000003,0.20600000000000002
fun sun,0.89,0.23600000000000004,0.22800000000000004,0.25,0.217
achievement,0.8779999999999999,0.21200000000000002,0.22799999999999998,0.262,0.21200000000000002
most easy,0.7056,0.19980000000000003,0.207,0.2142,0.1962
fun sun,0.89,0.23600000000000004,0.22800000000000004,0.25,0.217
not,0,0,0,0,0
fun sun,0.89,0.23600000000000004,0.22800000000000004,0.25,0.217
world,0.5860000000000001,0.32,0.366,0.352,0.308
fun sun,0.89,0.23600000000000004,0.22800000000000004,0.25,0.217
most easy,0.7056,0.19980000000000003,0.207,0.2142,0.1962
home time office,0.538,0.356,0.3746666666666666,0.358,0.2826666666666667
home time office,0.538,0.356,0.3746666666666666,0.358,0.2826666666666667
time dump,0.317,0.429,0.481,0.44299999999999995,0.41900000000000004
easy,0.784,0.22200000000000003,0.22999999999999998,0.238,0.21800000000000003
computer,0.538,0.368,0.258,0.286,0.284
fun sun,0.89,0.23600000000000004,0.22800000000000004,0.25,0.217
fun sun,0.89,0.23600000000000004,0.22800000000000004,0.25,0.217
not candy,0.1960000000000001,0.764,0.776,0.77,0.74
fun sun,0.89,0.23600000000000004,0.22800000000000004,0.25,0.217
not candy,0.1960000000000001,0.764,0.776,0.77,0.74
fun sun,0.89,0.23600000000000004,0.22800000000000004,0.25,0.217
square,0.316,0.286,0.27799999999999997,0.262,0.268
square,0.316,0.286,0.27799999999999997,0.262,0.268
most easy,0.7056,0.19980000000000003,0.207,0.2142,0.1962
less any,0,0,0,0,0
easy,0.784,0.22200000000000003,0.22999999999999998,0.238,0.21800000000000003
less,0,0,0,0,0
like,0,0,0,0,0
most easy,0.7056,0.19980000000000003,0.207,0.2142,0.1962
arm,0.366,0.246,0.21800000000000003,0.23399999999999999,0.22599999999999998
computer,0.538,0.368,0.258,0.286,0.284
most,0,0,0,0,0
love,0.944,0.33999999999999997,0.43200000000000005,0.41,0.244
computer,0.538,0.368,0.258,0.286,0.284
home more,0.82,0.284,0.346,0.264,0.244
computer,0.538,0.368,0.258,0.286,0.284
computer,0.538,0.368,0.258,0.286,0.284
humble book,0.616,0.332,0.358,0.318,0.29100000000000004
pretty pretty,0.8640000000000001,0.27599999999999997,0.318,0.292,0.264
option,0.5780000000000001,0.264,0.238,0.314,0.21600000000000003
computer,0.538,0.368,0.258,0.286,0.284
sin red,0.346,0.507,0.422,0.477,0.40099999999999997
not candy,0.1960000000000001,0.764,0.776,0.77,0.74
computer,0.538,0.368,0.258,0.286,0.284
watch,0.4,0.25,0.27599999999999997,0.284,0.258
power mobility,0.663,0.30999999999999994,0.28099999999999997,0.399,0.27999999999999997
option,0.5780000000000001,0.264,0.238,0.314,0.21600000000000003
most easy,0.7056,0.19980000000000003,0.207,0.2142,0.1962
freedom free,0.8780000000000001,0.24299999999999997,0.258,0.302,0.22400000000000003
arm,0.366,0.246,0.21800000000000003,0.23399999999999999,0.22599999999999998
history,0.4,0.3,0.34199999999999997,0.308,0.306
pretty pretty,0.8640000000000001,0.27599999999999997,0.318,0.292,0.264
time,0.414,0.356,0.39,0.43200000000000005,0.264
sexy suck,0.836,0.242,0.26,0.246,0.23399999999999999
strong,0.704,0.316,0.242,0.32999999999999996,0.23399999999999999
power,0.692,0.34199999999999997,0.27999999999999997,0.476,0.294
save,0.706,0.246,0.266,0.296,0.20600000000000002
save,0.706,0.246,0.266,0.296,0.20600000000000002
vision,0.616,0.272,0.262,0.294,0.23399999999999999
mistake,0.238,0.514,0.484,0.49800000000000005,0.352
history,0.4,0.3,0.34199999999999997,0.308,0.306
strong interest patent,0.5613333333333334,0.2886666666666667,0.26199999999999996,0.304,0.24666666666666665
strong,0.704,0.316,0.242,0.32999999999999996,0.23399999999999999
vision,0.616,0.272,0.262,0.294,0.23399999999999999
arm,0.366,0.246,0.21800000000000003,0.23399999999999999,0.22599999999999998
time,0.414,0.356,0.39,0.43200000000000005,0.264
slow,0.3,0.442,0.378,0.33799999999999997,0.37
slow,0.3,0.442,0.378,0.33799999999999997,0.37
slow,0.3,0.442,0.378,0.33799999999999997,0.37
chair,0.33999999999999997,0.22599999999999998,0.22599999999999998,0.24,0.21800000000000003
complete,0,0,0,0,0
history,0.4,0.3,0.34199999999999997,0.308,0.306
history,0.4,0.3,0.34199999999999997,0.308,0.306
part,0.316,0.256,0.298,0.274,0.252
time,0.414,0.356,0.39,0.43200000000000005,0.264
history,0.4,0.3,0.34199999999999997,0.308,0.306
more detail,0.21800000000000003,0.149,0.125,0.128,0.133
people,0.626,0.382,0.38,0.386,0.344
people,0.626,0.382,0.38,0.386,0.344
dark,0.362,0.32799999999999996,0.434,0.614,0.252
cold,0.294,0.442,0.446,0.376,0.296
cold,0.294,0.442,0.446,0.376,0.296
power mobility,0.663,0.30999999999999994,0.28099999999999997,0.399,0.27999999999999997
dark,0.362,0.32799999999999996,0.434,0.614,0.252
dark green,0.49399999999999994,0.274,0.33399999999999996,0.414,0.24
part,0.316,0.256,0.298,0.274,0.252
not,0,0,0,0,0
game,0.706,0.378,0.318,0.294,0.24
game,0.706,0.378,0.318,0.294,0.24
save,0.706,0.246,0.266,0.296,0.20600000000000002
hinder,0.27999999999999997,0.522,0.48200000000000004,0.446,0.39
hard,0.32999999999999996,0.44400000000000006,0.35,0.442,0.27999999999999997
part,0.316,0.256,0.298,0.274,0.252
save,0.706,0.246,0.266,0.296,0.20600000000000002
time,0.414,0.356,0.39,0.43200000000000005,0.264
time,0.414,0.356,0.39,0.43200000000000005,0.264
like,0,0,0,0,0
more,0,0,0,0,0
any,0,0,0,0,0
any,0,0,0,0,0
reserved space,0.458,0.28300000000000003,0.324,0.359,0.24500000000000002
computer,0.538,0.368,0.258,0.286,0.284
vision,0.616,0.272,0.262,0.294,0.23399999999999999
any,0,0,0,0,0
any,0,0,0,0,0
vision,0.616,0.272,0.262,0.294,0.23399999999999999
cold,0.294,0.442,0.446,0.376,0.296
too hit key key time,0.36129999999999995,0.3189,0.2954,0.3164,0.24739999999999998
vision,0.616,0.272,0.262,0.294,0.23399999999999999
arm,0.366,0.246,0.21800000000000003,0.23399999999999999,0.22599999999999998
paint,0.49000000000000005,0.27599999999999997,0.252,0.244,0.242
window,0.446,0.23399999999999999,0.27,0.248,0.22400000000000003
more,0,0,0,0,0
eat more space,0.503,0.2285,0.25,0.26349999999999996,0.22749999999999998
like,0,0,0,0,0
panic complete,0.24,0.46799999999999997,0.508,0.792,0.33599999999999997
power mobility,0.663,0.30999999999999994,0.28099999999999997,0.399,0.27999999999999997
fire,0.27599999999999997,0.506,0.588,0.706,0.368
fun,0.932,0.20800000000000002,0.21400000000000002,0.22400000000000003,0.20600000000000002
not candy,0.1960000000000001,0.764,0.776,0.77,0.74
game like broken any,0.44420000000000004,0.4202,0.41740000000000005,0.3398,0.256
home,0.82,0.284,0.346,0.264,0.244
game like broken,0.44420000000000004,0.4202,0.41740000000000005,0.3398,0.256
arm,0.366,0.246,0.21800000000000003,0.23399999999999999,0.22599999999999998
history,0.4,0.3,0.34199999999999997,0.308,0.306
panic,0.24,0.46799999999999997,0.508,0.792,0.33599999999999997
hell earth,0.477,0.493,0.526,0.579,0.44499999999999995
not,0,0,0,0,0
fire,0.27599999999999997,0.506,0.588,0.706,0.368
any tool,0.6839999999999999,0.734,0.758,0.73,0.754
fire,0.27599999999999997,0.506,0.588,0.706,0.368
hell earth,0.477,0.493,0.526,0.579,0.44499999999999995
most,0,0,0,0,0
failure secure,0.5199999999999999,0.479,0.5349999999999999,0.541,0.4
machine,0.37,0.33799999999999997,0.27599999999999997,0.364,0.27799999999999997
answer,0.47000000000000003,0.284,0.27,0.3,0.22200000000000003
name,0.508,0.298,0.27799999999999997,0.264,0.252
cold,0.294,0.442,0.446,0.376,0.296
cold,0.294,0.442,0.446,0.376,0.296
money,0.8460000000000001,0.41200000000000003,0.384,0.404,0.40599999999999997
failure secure,0.5199999999999999,0.479,0.5349999999999999,0.541,0.4
vision,0.616,0.272,0.262,0.294,0.23399999999999999
cold,0.294,0.442,0.446,0.376,0.296
less any,0,0,0,0,0
cold,0.294,0.442,0.446,0.376,0.296
cold,0.294,0.442,0.446,0.376,0.296
cold,0.294,0.442,0.446,0.376,0.296
answer,0.47000000000000003,0.284,0.27,0.3,0.22200000000000003
answer,0.47000000000000003,0.284,0.27,0.3,0.22200000000000003
answer,0.47000000000000003,0.284,0.27,0.3,0.22200000000000003
good nice,0.869,0.22800000000000004,0.22999999999999998,0.23499999999999996,0.225
arm,0.366,0.246,0.21800000000000003,0.23399999999999999,0.22599999999999998
thought good,0.724,0.309,0.313,0.31799999999999995,0.285
key,0.422,0.266,0.244,0.25,0.22599999999999998
patient,0.43600000000000005,0.33999999999999997,0.4,0.364,0.264
freedom free,0.8780000000000001,0.24299999999999997,0.258,0.302,0.22400000000000003
arm,0.366,0.246,0.21800000000000003,0.23399999999999999,0.22599999999999998
history,0.4,0.3,0.34199999999999997,0.308,0.306
computer,0.538,0.368,0.258,0.286,0.284
computer,0.538,0.368,0.258,0.286,0.284
vision,0.616,0.272,0.262,0.294,0.23399999999999999
computer,0.538,0.368,0.258,0.286,0.284
vision,0.616,0.272,0.262,0.294,0.23399999999999999
history,0.4,0.3,0.34199999999999997,0.308,0.306
office,0.38,0.42800000000000005,0.388,0.378,0.33999999999999997
option much,0.5780000000000001,0.264,0.238,0.314,0.21600000000000003
history,0.4,0.3,0.34199999999999997,0.308,0.306
history,0.4,0.3,0.34199999999999997,0.308,0.306
win,0.874,0.27,0.264,0.27,0.23399999999999999
key more,0.422,0.266,0.244,0.25,0.22599999999999998
history,0.4,0.3,0.34199999999999997,0.308,0.306
history,0.4,0.3,0.34199999999999997,0.308,0.306
vision,0.616,0.272,0.262,0.294,0.23399999999999999
time,0.414,0.356,0.39,0.43200000000000005,0.264
history,0.4,0.3,0.34199999999999997,0.308,0.306
vision,0.616,0.272,0.262,0.294,0.23399999999999999
more,0,0,0,0,0
time,0.414,0.356,0.39,0.43200000000000005,0.264
humble book,0.616,0.332,0.358,0.318,0.29100000000000004
vision,0.616,0.272,0.262,0.294,0.23399999999999999
vision,0.616,0.272,0.262,0.294,0.23399999999999999
history,0.4,0.3,0.34199999999999997,0.308,0.306
history,0.4,0.3,0.34199999999999997,0.308,0.306
history,0.4,0.3,0.34199999999999997,0.308,0.306
history,0.4,0.3,0.34199999999999997,0.308,0.306
time,0.414,0.356,0.39,0.43200000000000005,0.264
history,0.4,0.3,0.34199999999999997,0.308,0.306
history,0.4,0.3,0.34199999999999997,0.308,0.306
history,0.4,0.3,0.34199999999999997,0.308,0.306
history,0.4,0.3,0.34199999999999997,0.308,0.306
humble book,0.616,0.332,0.358,0.318,0.29100000000000004
vision,0.616,0.272,0.262,0.294,0.23399999999999999
less any,0,0,0,0,0
not,0,0,0,0,0
less any,0,0,0,0,0
less any,0,0,0,0,0
less any,0,0,0,0,0
arm,0.366,0.246,0.21800000000000003,0.23399999999999999,0.22599999999999998
more,0,0,0,0,0
building engine,0.328,0.24500000000000002,0.233,0.271,0.256
computer,0.538,0.368,0.258,0.286,0.284
window key,0.434,0.25,0.257,0.24900000000000003,0.225
vision,0.616,0.272,0.262,0.294,0.23399999999999999
arm,0.366,0.246,0.21800000000000003,0.23399999999999999,0.22599999999999998
computer,0.538,0.368,0.258,0.286,0.284
vision,0.616,0.272,0.262,0.294,0.23399999999999999
office,0.38,0.42800000000000005,0.388,0.378,0.33999999999999997
humble book,0.616,0.332,0.358,0.318,0.29100000000000004
humble book,0.616,0.332,0.358,0.318,0.29100000000000004
not candy,0.1960000000000001,0.764,0.776,0.77,0.74
tune,0.6,0.23399999999999999,0.27,0.22599999999999998,0.22599999999999998
clock,0.3,0.262,0.27599999999999997,0.27999999999999997,0.252
learn,0.706,0.33999999999999997,0.304,0.33199999999999996,0.22200000000000003
vision,0.616,0.272,0.262,0.294,0.23399999999999999
humble book,0.616,0.332,0.358,0.318,0.29100000000000004
not,0,0,0,0,0
too like,0,0,0,0,0
learn,0.706,0.33999999999999997,0.304,0.33199999999999996,0.22200000000000003
learn,0.706,0.33999999999999997,0.304,0.33199999999999996,0.22200000000000003
nice,0.8539999999999999,0.22200000000000003,0.23199999999999998,0.22799999999999998,0.22400000000000003
humble book,0.616,0.332,0.358,0.318,0.29100000000000004
humble book,0.616,0.332,0.358,0.318,0.29100000000000004
vision,0.616,0.272,0.262,0.294,0.23399999999999999
war,0.22999999999999998,0.736,0.734,0.79,0.618
computer,0.538,0.368,0.258,0.286,0.284
vision,0.616,0.272,0.262,0.294,0.23399999999999999
vision,0.616,0.272,0.262,0.294,0.23399999999999999
vision,0.616,0.272,0.262,0.294,0.23399999999999999
more,0,0,0,0,0
like learn,0.5648,0.272,0.24320000000000003,0.2656,0.17760000000000004
watch,0.4,0.25,0.27599999999999997,0.284,0.258
not,0,0,0,0,0
not,0,0,0,0,0
not candy,0.1960000000000001,0.764,0.776,0.77,0.74
time,0.414,0.356,0.39,0.43200000000000005,0.264
privacy,0.618,0.304,0.288,0.316,0.23199999999999998
not,0,0,0,0,0
like learn,0.5648,0.272,0.24320000000000003,0.2656,0.17760000000000004
not candy,0.1960000000000001,0.764,0.776,0.77,0.74
not candy,0.1960000000000001,0.764,0.776,0.77,0.74
nice,0.8539999999999999,0.22200000000000003,0.23199999999999998,0.22799999999999998,0.22400000000000003
win win,0.874,0.27,0.264,0.27,0.23399999999999999
too,0,0,0,0,0
not,0,0,0,0,0
reserved space,0.458,0.28300000000000003,0.324,0.359,0.24500000000000002
health,0.8460000000000001,0.33399999999999996,0.376,0.446,0.294
improve free,0.8320000000000001,0.244,0.24,0.27999999999999997,0.21500000000000002
hay,0.346,0.22799999999999998,0.22400000000000003,0.23399999999999999,0.254
not,0,0,0,0,0
arm,0.366,0.246,0.21800000000000003,0.23399999999999999,0.22599999999999998
news,0.42800000000000005,0.418,0.49000000000000005,0.466,0.418
book,0.606,0.4,0.4,0.372,0.36
book,0.606,0.4,0.4,0.372,0.36
patent,0.344,0.266,0.266,0.284,0.246
most,0,0,0,0,0
watch,0.4,0.25,0.27599999999999997,0.284,0.258
free,0.8720000000000001,0.22999999999999998,0.22999999999999998,0.266,0.21800000000000003
news,0.42800000000000005,0.418,0.49000000000000005,0.466,0.418
arm,0.366,0.246,0.21800000000000003,0.23399999999999999,0.22599999999999998
free,0.8720000000000001,0.22999999999999998,0.22999999999999998,0.266,0.21800000000000003
freedom free,0.8780000000000001,0.24299999999999997,0.258,0.302,0.22400000000000003
key party,0.642,0.259,0.246,0.263,0.23899999999999996
bar,0.622,0.318,0.32599999999999996,0.33199999999999996,0.324
bar,0.622,0.318,0.32599999999999996,0.33199999999999996,0.324
hay,0.346,0.22799999999999998,0.22400000000000003,0.23399999999999999,0.254
office most office,0.361,0.4066000000000001,0.3686,0.3591,0.323
not any,0,0,0,0,0
not any,0,0,0,0,0
world,0.5860000000000001,0.32,0.366,0.352,0.308
world,0.5860000000000001,0.32,0.366,0.352,0.308
book,0.606,0.4,0.4,0.372,0.36
hide,0.27999999999999997,0.314,0.38,0.5820000000000001,0.258
life much,0.9119999999999999,0.356,0.4,0.404,0.272
garbage,0.22200000000000003,0.354,0.292,0.31,0.734
garbage,0.22200000000000003,0.354,0.292,0.31,0.734
pretty pretty nice,0.6455,0.1935,0.217,0.20299999999999999,0.188
learn most,0.706,0.33999999999999997,0.304,0.33199999999999996,0.22200000000000003
not,0,0,0,0,0
arm,0.366,0.246,0.21800000000000003,0.23399999999999999,0.22599999999999998
not,0,0,0,0,0
arm,0.366,0.246,0.21800000000000003,0.23399999999999999,0.22599999999999998
hide,0.27999999999999997,0.314,0.38,0.5820000000000001,0.258
dark glass green,0.4553333333333333,0.2733333333333333,0.31666666666666665,0.39866666666666667,0.23799999999999996
not,0,0,0,0,0
more,0,0,0,0,0
world,0.5860000000000001,0.32,0.366,0.352,0.308
hard,0.32999999999999996,0.44400000000000006,0.35,0.442,0.27999999999999997
news,0.42800000000000005,0.418,0.49000000000000005,0.466,0.418
news,0.42800000000000005,0.418,0.49000000000000005,0.466,0.418
lake,0.732,0.23399999999999999,0.246,0.316,0.258
arm,0.366,0.246,0.21800000000000003,0.23399999999999999,0.22599999999999998
face,0.624,0.368,0.4,0.372,0.348
window key,0.434,0.25,0.257,0.24900000000000003,0.225
arm,0.366,0.246,0.21800000000000003,0.23399999999999999,0.22599999999999998
arm,0.366,0.246,0.21800000000000003,0.23399999999999999,0.22599999999999998
failure,0.22799999999999998,0.732,0.8119999999999999,0.78,0.572
not computer,0.462,0.632,0.742,0.7140000000000001,0.716
more,0,0,0,0,0
engine,0.322,0.242,0.22799999999999998,0.262,0.262
never free,0.12799999999999995,0.77,0.77,0.734,0.782
not,0,0,0,0,0
window key,0.434,0.25,0.257,0.24900000000000003,0.225
any more,0,0,0,0,0
home,0.82,0.284,0.346,0.264,0.244
arm,0.366,0.246,0.21800000000000003,0.23399999999999999,0.22599999999999998
lake,0.732,0.23399999999999999,0.246,0.316,0.258
more,0,0,0,0,0
lake,0.732,0.23399999999999999,0.246,0.316,0.258
time,0.414,0.356,0.39,0.43200000000000005,0.264
month,0.33199999999999996,0.236,0.242,0.252,0.22799999999999998
free,0.8720000000000001,0.22999999999999998,0.22999999999999998,0.266,0.21800000000000003
failure,0.22799999999999998,0.732,0.8119999999999999,0.78,0.572
window key,0.434,0.25,0.257,0.24900000000000003,0.225
less,0,0,0,0,0
window key,0.434,0.25,0.257,0.24900000000000003,0.225
not,0,0,0,0,0
part privacy like,0.46699999999999997,0.27999999999999997,0.293,0.29500000000000004,0.242
part privacy like,0.46699999999999997,0.27999999999999997,0.293,0.29500000000000004,0.242
like,0,0,0,0,0
panic complete,0.24,0.46799999999999997,0.508,0.792,0.33599999999999997
color,0.6940000000000001,0.268,0.288,0.284,0.246
computer name,0.523,0.333,0.26799999999999996,0.275,0.26799999999999996
man,0.6679999999999999,0.396,0.362,0.36,0.33999999999999997
nun,0.46399999999999997,0.27799999999999997,0.322,0.27,0.24
arm,0.366,0.246,0.21800000000000003,0.23399999999999999,0.22599999999999998
lost hard,0.29900000000000004,0.465,0.465,0.568,0.30599999999999994
love computer,0.741,0.354,0.34500000000000003,0.348,0.26399999999999996
computer,0.538,0.368,0.258,0.286,0.284
any any,0,0,0,0,0
time not not,0.414,0.356,0.39,0.43200000000000005,0.264
computer more,0.538,0.368,0.258,0.286,0.284
complete,0,0,0,0,0
any any,0,0,0,0,0
any any,0,0,0,0,0
any any,0,0,0,0,0
free space,0.692,0.236,0.265,0.318,0.22000000000000003
hand ink,0.362,0.253,0.238,0.242,0.23700000000000002
good good,0.884,0.23399999999999999,0.22799999999999998,0.242,0.22599999999999998
win,0.874,0.27,0.264,0.27,0.23399999999999999
machine,0.37,0.33799999999999997,0.27599999999999997,0.364,0.27799999999999997
not smooth,0.376,0.768,0.7779999999999999,0.784,0.772
good good,0.884,0.23399999999999999,0.22799999999999998,0.242,0.22599999999999998
good good,0.884,0.23399999999999999,0.22799999999999998,0.242,0.22599999999999998
nice,0.8539999999999999,0.22200000000000003,0.23199999999999998,0.22799999999999998,0.22400000000000003
color,0.6940000000000001,0.268,0.288,0.284,0.246
color,0.6940000000000001,0.268,0.288,0.284,0.246
color,0.6940000000000001,0.268,0.288,0.284,0.246
color,0.6940000000000001,0.268,0.288,0.284,0.246
key,0.422,0.266,0.244,0.25,0.22599999999999998
key,0.422,0.266,0.244,0.25,0.22599999999999998
key,0.422,0.266,0.244,0.25,0.22599999999999998
name,0.508,0.298,0.27799999999999997,0.264,0.252
news,0.42800000000000005,0.418,0.49000000000000005,0.466,0.418
computer,0.538,0.368,0.258,0.286,0.284
game,0.706,0.378,0.318,0.294,0.24
quick key,0.46399999999999997,0.266,0.253,0.266,0.22699999999999995
dark space,0.437,0.285,0.367,0.492,0.23700000000000002
method,0.314,0.252,0.25,0.258,0.244
method,0.314,0.252,0.25,0.258,0.244
time,0.414,0.356,0.39,0.43200000000000005,0.264
failure,0.22799999999999998,0.732,0.8119999999999999,0.78,0.572
too more,0,0,0,0,0
time,0.414,0.356,0.39,0.43200000000000005,0.264
time,0.414,0.356,0.39,0.43200000000000005,0.264
part,0.316,0.256,0.298,0.274,0.252
more,0,0,0,0,0
more,0,0,0,0,0
arm,0.366,0.246,0.21800000000000003,0.23399999999999999,0.22599999999999998
arm,0.366,0.246,0.21800000000000003,0.23399999999999999,0.22599999999999998
arm,0.366,0.246,0.21800000000000003,0.23399999999999999,0.22599999999999998
glass,0.378,0.272,0.282,0.368,0.23399999999999999
part,0.316,0.256,0.298,0.274,0.252
win,0.874,0.27,0.264,0.27,0.23399999999999999
quick easy,0.6449999999999999,0.24400000000000005,0.246,0.25999999999999995,0.223
love computer machine,0.6173333333333333,0.3486666666666667,0.322,0.35333333333333333,0.2686666666666666
garbage people,0.42400000000000004,0.368,0.33599999999999997,0.348,0.5389999999999999
part,0.316,0.256,0.298,0.274,0.252
world,0.5860000000000001,0.32,0.366,0.352,0.308
freedom free,0.8780000000000001,0.24299999999999997,0.258,0.302,0.22400000000000003
world,0.5860000000000001,0.32,0.366,0.352,0.308
world,0.5860000000000001,0.32,0.366,0.352,0.308
more time,0.207,0.178,0.195,0.21600000000000003,0.132
arm,0.366,0.246,0.21800000000000003,0.23399999999999999,0.22599999999999998
thief,0.23399999999999999,0.6679999999999999,0.512,0.662,0.5740000000000001
more space,0.256,0.121,0.15,0.185,0.11100000000000002
easy,0.784,0.22200000000000003,0.22999999999999998,0.238,0.21800000000000003
nice,0.8539999999999999,0.22200000000000003,0.23199999999999998,0.22799999999999998,0.22400000000000003
option,0.5780000000000001,0.264,0.238,0.314,0.21600000000000003
game,0.706,0.378,0.318,0.294,0.24
game,0.706,0.378,0.318,0.294,0.24
game,0.706,0.378,0.318,0.294,0.24
game,0.706,0.378,0.318,0.294,0.24
dirty,0.256,0.45999999999999996,0.388,0.388,0.74
dirty,0.256,0.45999999999999996,0.388,0.388,0.74
sour,0.32799999999999996,0.286,0.256,0.288,0.398
quick easy,0.6449999999999999,0.24400000000000005,0.246,0.25999999999999995,0.223
sour,0.32799999999999996,0.286,0.256,0.288,0.398
arm,0.366,0.246,0.21800000000000003,0.23399999999999999,0.22599999999999998
arm,0.366,0.246,0.21800000000000003,0.23399999999999999,0.22599999999999998
god,0.784,0.27599999999999997,0.282,0.378,0.21800000000000003
nice,0.8539999999999999,0.22200000000000003,0.23199999999999998,0.22799999999999998,0.22400000000000003
bar,0.622,0.318,0.32599999999999996,0.33199999999999996,0.324
bar,0.622,0.318,0.32599999999999996,0.33199999999999996,0.324
arm,0.366,0.246,0.21800000000000003,0.23399999999999999,0.22599999999999998
space,0.512,0.242,0.3,0.37,0.22200000000000003
arm,0.366,0.246,0.21800000000000003,0.23399999999999999,0.22599999999999998
little peace,0.07599999999999998,0.76,0.726,0.736,0.772
most,0,0,0,0,0
news,0.42800000000000005,0.418,0.49000000000000005,0.466,0.418
quality,0.71,0.29,0.268,0.252,0.254
nice,0.8539999999999999,0.22200000000000003,0.23199999999999998,0.22799999999999998,0.22400000000000003
nice,0.8539999999999999,0.22200000000000003,0.23199999999999998,0.22799999999999998,0.22400000000000003
slow,0.3,0.442,0.378,0.33799999999999997,0.37
dirty,0.256,0.45999999999999996,0.388,0.388,0.74
arm,0.366,0.246,0.21800000000000003,0.23399999999999999,0.22599999999999998
nice,0.8539999999999999,0.22200000000000003,0.23199999999999998,0.22799999999999998,0.22400000000000003
yacht rock kick sunset,0.557,0.3115,0.27399999999999997,0.29150000000000004,0.265
paradise book sun,0.804,0.294,0.2866666666666667,0.286,0.264
time,0.414,0.356,0.39,0.43200000000000005,0.264
people,0.626,0.382,0.38,0.386,0.344
like mind cute,0.6782,0.2656,0.278,0.28020000000000006,0.2528
computer,0.538,0.368,0.258,0.286,0.284
man,0.6679999999999999,0.396,0.362,0.36,0.33999999999999997
key,0.422,0.266,0.244,0.25,0.22599999999999998
computer,0.538,0.368,0.258,0.286,0.284
option,0.5780000000000001,0.264,0.238,0.314,0.21600000000000003
nice,0.8539999999999999,0.22200000000000003,0.23199999999999998,0.22799999999999998,0.22400000000000003
improve,0.792,0.258,0.25,0.294,0.21200000000000002
dirty,0.256,0.45999999999999996,0.388,0.388,0.74
dirty,0.256,0.45999999999999996,0.388,0.388,0.74
achievement,0.8779999999999999,0.21200000000000002,0.22799999999999998,0.262,0.21200000000000002
hand ink,0.362,0.253,0.238,0.242,0.23700000000000002
useful alert,0.5589999999999999,0.28900000000000003,0.252,0.344,0.24000000000000005
arm,0.366,0.246,0.21800000000000003,0.23399999999999999,0.22599999999999998
arm,0.366,0.246,0.21800000000000003,0.23399999999999999,0.22599999999999998
computer,0.538,0.368,0.258,0.286,0.284
time,0.414,0.356,0.39,0.43200000000000005,0.264
quick easy,0.6449999999999999,0.24400000000000005,0.246,0.25999999999999995,0.223
hit gold,0.517,0.44000000000000006,0.363,0.386,0.357
nice,0.8539999999999999,0.22200000000000003,0.23199999999999998,0.22799999999999998,0.22400000000000003
holiday rusty,0.5900000000000001,0.28700000000000003,0.317,0.285,0.33399999999999996
time,0.414,0.356,0.39,0.43200000000000005,0.264
time,0.414,0.356,0.39,0.43200000000000005,0.264
black glass blue,0.394,0.3693333333333334,0.4806666666666667,0.412,0.302
time,0.414,0.356,0.39,0.43200000000000005,0.264
time,0.414,0.356,0.39,0.43200000000000005,0.264
key,0.422,0.266,0.244,0.25,0.22599999999999998
more time,0.207,0.178,0.195,0.21600000000000003,0.132
win,0.874,0.27,0.264,0.27,0.23399999999999999
chance,0.5940000000000001,0.304,0.33199999999999996,0.45,0.27799999999999997
computer dream,0.666,0.33799999999999997,0.30700000000000005,0.325,0.284
time,0.414,0.356,0.39,0.43200000000000005,0.264
like,0,0,0,0,0
loved,0.954,0.22799999999999998,0.27,0.296,0.21000000000000002
loved,0.954,0.22799999999999998,0.27,0.296,0.21000000000000002
cozy world,0.735,0.27599999999999997,0.301,0.288,0.264
people,0.626,0.382,0.38,0.386,0.344
safe,0.8240000000000001,0.20400000000000001,0.21800000000000003,0.272,0.20600000000000002
time,0.414,0.356,0.39,0.43200000000000005,0.264
reserved,0.404,0.324,0.348,0.348,0.268
arm,0.366,0.246,0.21800000000000003,0.23399999999999999,0.22599999999999998
arm,0.366,0.246,0.21800000000000003,0.23399999999999999,0.22599999999999998
music,0.852,0.32599999999999996,0.358,0.264,0.244
protected,0.8220000000000001,0.248,0.266,0.294,0.21600000000000003
nice,0.8539999999999999,0.22200000000000003,0.23199999999999998,0.22799999999999998,0.22400000000000003
arm,0.366,0.246,0.21800000000000003,0.23399999999999999,0.22599999999999998
office,0.38,0.42800000000000005,0.388,0.378,0.33999999999999997
nice,0.8539999999999999,0.22200000000000003,0.23199999999999998,0.22799999999999998,0.22400000000000003
more,0,0,0,0,0
loved,0.954,0.22799999999999998,0.27,0.296,0.21000000000000002
loved,0.954,0.22799999999999998,0.27,0.296,0.21000000000000002
arm,0.366,0.246,0.21800000000000003,0.23399999999999999,0.22599999999999998
loved,0.954,0.22799999999999998,0.27,0.296,0.21000000000000002
office,0.38,0.42800000000000005,0.388,0.378,0.33999999999999997
nice,0.8539999999999999,0.22200000000000003,0.23199999999999998,0.22799999999999998,0.22400000000000003
loved,0.954,0.22799999999999998,0.27,0.296,0.21000000000000002
failure,0.22799999999999998,0.732,0.8119999999999999,0.78,0.572
failure,0.22799999999999998,0.732,0.8119999999999999,0.78,0.572
more,0,0,0,0,0
time,0.414,0.356,0.39,0.43200000000000005,0.264
time,0.414,0.356,0.39,0.43200000000000005,0.264
crash,0.238,0.564,0.6759999999999999,0.728,0.434
power,0.692,0.34199999999999997,0.27999999999999997,0.476,0.294
nice,0.8539999999999999,0.22200000000000003,0.23199999999999998,0.22799999999999998,0.22400000000000003
space,0.512,0.242,0.3,0.37,0.22200000000000003
identity trust,0.658,0.29500000000000004,0.288,0.34900000000000003,0.24700000000000003
time,0.414,0.356,0.39,0.43200000000000005,0.264
option game bar,0.6353333333333333,0.32,0.294,0.31333333333333335,0.26
dark space,0.437,0.285,0.367,0.492,0.23700000000000002
moment,0.53,0.308,0.314,0.302,0.246
arm,0.366,0.246,0.21800000000000003,0.23399999999999999,0.22599999999999998
nice,0.8539999999999999,0.22200000000000003,0.23199999999999998,0.22799999999999998,0.22400000000000003
more,0,0,0,0,0
moment,0.53,0.308,0.314,0.302,0.246
nice,0.8539999999999999,0.22200000000000003,0.23199999999999998,0.22799999999999998,0.22400000000000003
time people,0.5199999999999999,0.369,0.38499999999999995,0.409,0.304
nice,0.8539999999999999,0.22200000000000003,0.23199999999999998,0.22799999999999998,0.22400000000000003
black,0.274,0.548,0.608,0.584,0.41600000000000004
freedom free,0.8780000000000001,0.24299999999999997,0.258,0.302,0.22400000000000003
time,0.414,0.356,0.39,0.43200000000000005,0.264
computer like,0.538,0.368,0.258,0.286,0.284
answer not,0.47000000000000003,0.284,0.27,0.3,0.22200000000000003
nice,0.8539999999999999,0.22200000000000003,0.23199999999999998,0.22799999999999998,0.22400000000000003
win,0.874,0.27,0.264,0.27,0.23399999999999999
little peace,0.07599999999999998,0.76,0.726,0.736,0.772
any idea,0.388,0.736,0.734,0.736,0.758
office,0.38,0.42800000000000005,0.388,0.378,0.33999999999999997
office,0.38,0.42800000000000005,0.388,0.378,0.33999999999999997
nice,0.8539999999999999,0.22200000000000003,0.23199999999999998,0.22799999999999998,0.22400000000000003
part,0.316,0.256,0.298,0.274,0.252
education,0.764,0.29,0.258,0.3,0.24
nice,0.8539999999999999,0.22200000000000003,0.23199999999999998,0.22799999999999998,0.22400000000000003
danger death,0.251,0.548,0.679,0.8019999999999999,0.38499999999999995
arm,0.366,0.246,0.21800000000000003,0.23399999999999999,0.22599999999999998
not,0,0,0,0,0
part,0.316,0.256,0.298,0.274,0.252
nice,0.8539999999999999,0.22200000000000003,0.23199999999999998,0.22799999999999998,0.22400000000000003
nice,0.8539999999999999,0.22200000000000003,0.23199999999999998,0.22799999999999998,0.22400000000000003
more,0,0,0,0,0
arm,0.366,0.246,0.21800000000000003,0.23399999999999999,0.22599999999999998
little peace,0.07599999999999998,0.76,0.726,0.736,0.772
nice,0.8539999999999999,0.22200000000000003,0.23199999999999998,0.22799999999999998,0.22400000000000003
nice,0.8539999999999999,0.22200000000000003,0.23199999999999998,0.22799999999999998,0.22400000000000003
complete,0,0,0,0,0
part,0.316,0.256,0.298,0.274,0.252
nice,0.8539999999999999,0.22200000000000003,0.23199999999999998,0.22799999999999998,0.22400000000000003
arm,0.366,0.246,0.21800000000000003,0.23399999999999999,0.22599999999999998
nice,0.8539999999999999,0.22200000000000003,0.23199999999999998,0.22799999999999998,0.22400000000000003
nice,0.8539999999999999,0.22200000000000003,0.23199999999999998,0.22799999999999998,0.22400000000000003
more,0,0,0,0,0
nice,0.8539999999999999,0.22200000000000003,0.23199999999999998,0.22799999999999998,0.22400000000000003
nice,0.8539999999999999,0.22200000000000003,0.23199999999999998,0.22799999999999998,0.22400000000000003
not,0,0,0,0,0
nice,0.8539999999999999,0.22200000000000003,0.23199999999999998,0.22799999999999998,0.22400000000000003
pencil,0.272,0.27799999999999997,0.236,0.22400000000000003,0.258
not,0,0,0,0,0
more,0,0,0,0,0
friendly,0.9179999999999999,0.22400000000000003,0.21800000000000003,0.21800000000000003,0.21200000000000002
not,0,0,0,0,0
much life idol,0.5199999999999999,0.225,0.253,0.24299999999999997,0.207
too,0,0,0,0,0
not,0,0,0,0,0
time,0.414,0.356,0.39,0.43200000000000005,0.264
beautiful,0.9019999999999999,0.244,0.264,0.262,0.236
friendly,0.9179999999999999,0.22400000000000003,0.21800000000000003,0.21800000000000003,0.21200000000000002
key,0.422,0.266,0.244,0.25,0.22599999999999998
key,0.422,0.266,0.244,0.25,0.22599999999999998
friendly,0.9179999999999999,0.22400000000000003,0.21800000000000003,0.21800000000000003,0.21200000000000002
friendly,0.9179999999999999,0.22400000000000003,0.21800000000000003,0.21800000000000003,0.21200000000000002
any,0,0,0,0,0
more,0,0,0,0,0
arm,0.366,0.246,0.21800000000000003,0.23399999999999999,0.22599999999999998
friendly,0.9179999999999999,0.22400000000000003,0.21800000000000003,0.21800000000000003,0.21200000000000002
time,0.414,0.356,0.39,0.43200000000000005,0.264
friendly,0.9179999999999999,0.22400000000000003,0.21800000000000003,0.21800000000000003,0.21200000000000002
quick,0.506,0.266,0.262,0.282,0.22799999999999998
tool hard,0.323,0.35500000000000004,0.296,0.356,0.263
arm,0.366,0.246,0.21800000000000003,0.23399999999999999,0.22599999999999998
name,0.508,0.298,0.27799999999999997,0.264,0.252
friendly,0.9179999999999999,0.22400000000000003,0.21800000000000003,0.21800000000000003,0.21200000000000002
life,0.9119999999999999,0.356,0.4,0.404,0.272
tool hard,0.323,0.35500000000000004,0.296,0.356,0.263
arm,0.366,0.246,0.21800000000000003,0.23399999999999999,0.22599999999999998
not,0,0,0,0,0
failure,0.22799999999999998,0.732,0.8119999999999999,0.78,0.572
failure,0.22799999999999998,0.732,0.8119999999999999,0.78,0.572
more,0,0,0,0,0
more,0,0,0,0,0
more,0,0,0,0,0
fun game,0.819,0.293,0.266,0.259,0.223
more,0,0,0,0,0
black,0.274,0.548,0.608,0.584,0.41600000000000004
arm,0.366,0.246,0.21800000000000003,0.23399999999999999,0.22599999999999998
black white,0.393,0.388,0.43,0.40599999999999997,0.323
quick,0.506,0.266,0.262,0.282,0.22799999999999998
failure,0.22799999999999998,0.732,0.8119999999999999,0.78,0.572
not,0,0,0,0,0
arm,0.366,0.246,0.21800000000000003,0.23399999999999999,0.22599999999999998
like,0,0,0,0,0
like,0,0,0,0,0
arm,0.366,0.246,0.21800000000000003,0.23399999999999999,0.22599999999999998
arm,0.366,0.246,0.21800000000000003,0.23399999999999999,0.22599999999999998
failure,0.22799999999999998,0.732,0.8119999999999999,0.78,0.572
arm,0.366,0.246,0.21800000000000003,0.23399999999999999,0.22599999999999998
arm,0.366,0.246,0.21800000000000003,0.23399999999999999,0.22599999999999998
free,0.8720000000000001,0.22999999999999998,0.22999999999999998,0.266,0.21800000000000003
arm,0.366,0.246,0.21800000000000003,0.23399999999999999,0.22599999999999998
any,0,0,0,0,0
arm,0.366,0.246,0.21800000000000003,0.23399999999999999,0.22599999999999998
any,0,0,0,0,0
arm,0.366,0.246,0.21800000000000003,0.23399999999999999,0.22599999999999998
arm,0.366,0.246,0.21800000000000003,0.23399999999999999,0.22599999999999998
name more,0.508,0.298,0.27799999999999997,0.264,0.252
suck blue,0.47000000000000003,0.712,0.44800000000000006,0.716,0.744
arm,0.366,0.246,0.21800000000000003,0.23399999999999999,0.22599999999999998
computer,0.538,0.368,0.258,0.286,0.284
method,0.314,0.252,0.25,0.258,0.244
not,0,0,0,0,0
easy,0.784,0.22200000000000003,0.22999999999999998,0.238,0.21800000000000003
method,0.314,0.252,0.25,0.258,0.244
time,0.414,0.356,0.39,0.43200000000000005,0.264
method,0.314,0.252,0.25,0.258,0.244
hard,0.32999999999999996,0.44400000000000006,0.35,0.442,0.27999999999999997
freedom free,0.8780000000000001,0.24299999999999997,0.258,0.302,0.22400000000000003
not,0,0,0,0,0
arm,0.366,0.246,0.21800000000000003,0.23399999999999999,0.22599999999999998
phase,0.394,0.364,0.358,0.33599999999999997,0.31
not,0,0,0,0,0
fun,0.932,0.20800000000000002,0.21400000000000002,0.22400000000000003,0.20600000000000002
powerful,0.6679999999999999,0.32,0.256,0.45,0.262
arm,0.366,0.246,0.21800000000000003,0.23399999999999999,0.22599999999999998
tool hard,0.323,0.35500000000000004,0.296,0.356,0.263
tool hard,0.323,0.35500000000000004,0.296,0.356,0.263
bed,0.8300000000000001,0.23199999999999998,0.348,0.27,0.236
tool hard,0.323,0.35500000000000004,0.296,0.356,0.263
failure,0.22799999999999998,0.732,0.8119999999999999,0.78,0.572
hay,0.346,0.22799999999999998,0.22400000000000003,0.23399999999999999,0.254
tool hard,0.323,0.35500000000000004,0.296,0.356,0.263
slow,0.3,0.442,0.378,0.33799999999999997,0.37
win,0.874,0.27,0.264,0.27,0.23399999999999999
more,0,0,0,0,0
tool hard,0.323,0.35500000000000004,0.296,0.356,0.263
history most,0.4,0.3,0.34199999999999997,0.308,0.306
tool hard,0.323,0.35500000000000004,0.296,0.356,0.263
tool hard,0.323,0.35500000000000004,0.296,0.356,0.263
journal,0.462,0.346,0.398,0.33999999999999997,0.29
more,0,0,0,0,0
arm,0.366,0.246,0.21800000000000003,0.23399999999999999,0.22599999999999998
moment,0.53,0.308,0.314,0.302,0.246
hell quality,0.4699999999999999,0.46799999999999997,0.46299999999999997,0.512,0.4029999999999999
aggressive good,0.617,0.44000000000000006,0.303,0.394,0.308
friend,0.906,0.272,0.298,0.262,0.22599999999999998
failure,0.22799999999999998,0.732,0.8119999999999999,0.78,0.572
machine,0.37,0.33799999999999997,0.27599999999999997,0.364,0.27799999999999997
machine,0.37,0.33799999999999997,0.27599999999999997,0.364,0.27799999999999997
failure,0.22799999999999998,0.732,0.8119999999999999,0.78,0.572
arm,0.366,0.246,0.21800000000000003,0.23399999999999999,0.22599999999999998
custom,0.442,0.242,0.256,0.236,0.23399999999999999
secure,0.8119999999999999,0.22599999999999998,0.258,0.302,0.22799999999999998
crash,0.238,0.564,0.6759999999999999,0.728,0.434
crash,0.238,0.564,0.6759999999999999,0.728,0.434
secure,0.8119999999999999,0.22599999999999998,0.258,0.302,0.22799999999999998
custom,0.442,0.242,0.256,0.236,0.23399999999999999
easy,0.784,0.22200000000000003,0.22999999999999998,0.238,0.21800000000000003
world less,0.5860000000000001,0.32,0.366,0.352,0.308
failure,0.22799999999999998,0.732,0.8119999999999999,0.78,0.572
win,0.874,0.27,0.264,0.27,0.23399999999999999
hard life,0.6209999999999999,0.4,0.375,0.42300000000000004,0.27599999999999997
history most,0.4,0.3,0.34199999999999997,0.308,0.306
win,0.874,0.27,0.264,0.27,0.23399999999999999
failure,0.22799999999999998,0.732,0.8119999999999999,0.78,0.572
not machine like,0.63,0.662,0.724,0.6359999999999999,0.7220000000000001
failure,0.22799999999999998,0.732,0.8119999999999999,0.78,0.572
failure,0.22799999999999998,0.732,0.8119999999999999,0.78,0.572
failure,0.22799999999999998,0.732,0.8119999999999999,0.78,0.572
slow,0.3,0.442,0.378,0.33799999999999997,0.37
achievement,0.8779999999999999,0.21200000000000002,0.22799999999999998,0.262,0.21200000000000002
arm,0.366,0.246,0.21800000000000003,0.23399999999999999,0.22599999999999998
failure,0.22799999999999998,0.732,0.8119999999999999,0.78,0.572
beautiful,0.9019999999999999,0.244,0.264,0.262,0.236
failure,0.22799999999999998,0.732,0.8119999999999999,0.78,0.572
color,0.6940000000000001,0.268,0.288,0.284,0.246
people,0.626,0.382,0.38,0.386,0.344
arm,0.366,0.246,0.21800000000000003,0.23399999999999999,0.22599999999999998
not,0,0,0,0,0
arm,0.366,0.246,0.21800000000000003,0.23399999999999999,0.22599999999999998
more,0,0,0,0,0
hinder,0.27999999999999997,0.522,0.48200000000000004,0.446,0.39
education,0.764,0.29,0.258,0.3,0.24
air,0.5820000000000001,0.21600000000000003,0.22400000000000003,0.242,0.24
like machine,0.29600000000000004,0.27040000000000003,0.22079999999999997,0.2912,0.2224
good,0.884,0.23399999999999999,0.22799999999999998,0.242,0.22599999999999998
hinder,0.27999999999999997,0.522,0.48200000000000004,0.446,0.39
game like broken any,0.44420000000000004,0.4202,0.41740000000000005,0.3398,0.256
game like broken,0.44420000000000004,0.4202,0.41740000000000005,0.3398,0.256
much time,0.207,0.178,0.195,0.21600000000000003,0.132
much,0,0,0,0,0
custom,0.442,0.242,0.256,0.236,0.23399999999999999
watch,0.4,0.25,0.27599999999999997,0.284,0.258
part,0.316,0.256,0.298,0.274,0.252
arm,0.366,0.246,0.21800000000000003,0.23399999999999999,0.22599999999999998
radio clock thought,0.5079999999999999,0.3233333333333333,0.324,0.30066666666666664,0.28800000000000003
much time,0.207,0.178,0.195,0.21600000000000003,0.132
part,0.316,0.256,0.298,0.274,0.252
tool,0.316,0.266,0.242,0.27,0.246
arm,0.366,0.246,0.21800000000000003,0.23399999999999999,0.22599999999999998
arm,0.366,0.246,0.21800000000000003,0.23399999999999999,0.22599999999999998
watch computer space,0.48333333333333334,0.2866666666666667,0.27799999999999997,0.3133333333333333,0.2546666666666667
arm,0.366,0.246,0.21800000000000003,0.23399999999999999,0.22599999999999998
part,0.316,0.256,0.298,0.274,0.252
clock clock time,0.338,0.29333333333333333,0.314,0.33066666666666666,0.256
any thought,0.43600000000000005,0.616,0.602,0.6060000000000001,0.656
more,0,0,0,0,0
tool,0.316,0.266,0.242,0.27,0.246
time too loved present,0.5988,0.2482666666666667,0.27399999999999997,0.29386666666666666,0.2046666666666667
present,0.8099999999999999,0.252,0.27,0.272,0.22400000000000003
easy,0.784,0.22200000000000003,0.22999999999999998,0.238,0.21800000000000003
powerful,0.6679999999999999,0.32,0.256,0.45,0.262
arm,0.366,0.246,0.21800000000000003,0.23399999999999999,0.22599999999999998
more,0,0,0,0,0
not,0,0,0,0,0
hinder,0.27999999999999997,0.522,0.48200000000000004,0.446,0.39
hinder,0.27999999999999997,0.522,0.48200000000000004,0.446,0.39
hinder,0.27999999999999997,0.522,0.48200000000000004,0.446,0.39
power,0.692,0.34199999999999997,0.27999999999999997,0.476,0.294
hinder,0.27999999999999997,0.522,0.48200000000000004,0.446,0.39
computer happy hope,0.7626666666666666,0.26799999999999996,0.254,0.25733333333333336,0.24133333333333334
delayed pinch,0.23899999999999996,0.49399999999999994,0.316,0.355,0.28900000000000003
quick,0.506,0.266,0.262,0.282,0.22799999999999998
life,0.9119999999999999,0.356,0.4,0.404,0.272
time,0.414,0.356,0.39,0.43200000000000005,0.264
home free,0.8460000000000001,0.257,0.288,0.265,0.231
paper time,0.368,0.355,0.346,0.367,0.29000000000000004
quick,0.506,0.266,0.262,0.282,0.22799999999999998
blossom,0.792,0.20600000000000002,0.23399999999999999,0.21200000000000002,0.21600000000000003
home free,0.8460000000000001,0.257,0.288,0.265,0.231
hide,0.27999999999999997,0.314,0.38,0.5820000000000001,0.258
wonder,0.644,0.242,0.27599999999999997,0.32,0.238
less,0,0,0,0,0
not,0,0,0,0,0
not,0,0,0,0,0
arm,0.366,0.246,0.21800000000000003,0.23399999999999999,0.22599999999999998
arm,0.366,0.246,0.21800000000000003,0.23399999999999999,0.22599999999999998
arm,0.366,0.246,0.21800000000000003,0.23399999999999999,0.22599999999999998
hinder,0.27999999999999997,0.522,0.48200000000000004,0.446,0.39
people not,0.626,0.382,0.38,0.386,0.344
not,0,0,0,0,0
name,0.508,0.298,0.27799999999999997,0.264,0.252
name,0.508,0.298,0.27799999999999997,0.264,0.252
name,0.508,0.298,0.27799999999999997,0.264,0.252
like,0,0,0,0,0
not,0,0,0,0,0
cozy world,0.735,0.27599999999999997,0.301,0.288,0.264
like mind cute,0.6782,0.2656,0.278,0.28020000000000006,0.2528
computer,0.538,0.368,0.258,0.286,0.284
computer,0.538,0.368,0.258,0.286,0.284
smooth,0.624,0.23199999999999998,0.22200000000000003,0.21600000000000003,0.22799999999999998
dream,0.794,0.308,0.356,0.364,0.284
computer,0.538,0.368,0.258,0.286,0.284
mail dark,0.5349999999999999,0.30199999999999994,0.352,0.449,0.24299999999999997
arm,0.366,0.246,0.21800000000000003,0.23399999999999999,0.22599999999999998
music,0.852,0.32599999999999996,0.358,0.264,0.244
computer,0.538,0.368,0.258,0.286,0.284
arm,0.366,0.246,0.21800000000000003,0.23399999999999999,0.22599999999999998
arm,0.366,0.246,0.21800000000000003,0.23399999999999999,0.22599999999999998
like not time not,0.207,0.178,0.195,0.21600000000000003,0.132
not,0,0,0,0,0
sin,0.23399999999999999,0.544,0.562,0.5660000000000001,0.538
most,0,0,0,0,0
arm,0.366,0.246,0.21800000000000003,0.23399999999999999,0.22599999999999998
any window useful,0.632,0.51,0.481,0.48999999999999994,0.5
not,0,0,0,0,0
panic complete,0.24,0.46799999999999997,0.508,0.792,0.33599999999999997
material,0.40800000000000003,0.296,0.288,0.27,0.312
game,0.706,0.378,0.318,0.294,0.24
game,0.706,0.378,0.318,0.294,0.24
game,0.706,0.378,0.318,0.294,0.24
water,0.682,0.24,0.24,0.272,0.22799999999999998
moment,0.53,0.308,0.314,0.302,0.246
rock cliff man,0.4473333333333333,0.32866666666666666,0.3253333333333333,0.4346666666666667,0.286
life,0.9119999999999999,0.356,0.4,0.404,0.272
lucky,0.866,0.27599999999999997,0.258,0.244,0.238
water,0.682,0.24,0.24,0.272,0.22799999999999998
not,0,0,0,0,0
love odd sad,0.49999999999999994,0.366,0.5299999999999999,0.394,0.29
news happy,0.682,0.317,0.362,0.34400000000000003,0.319
more,0,0,0,0,0
news happy,0.682,0.317,0.362,0.34400000000000003,0.319
computer,0.538,0.368,0.258,0.286,0.284
more,0,0,0,0,0
news happy,0.682,0.317,0.362,0.34400000000000003,0.319
more,0,0,0,0,0
dark,0.362,0.32799999999999996,0.434,0.614,0.252
dark green,0.49399999999999994,0.274,0.33399999999999996,0.414,0.24
news happy,0.682,0.317,0.362,0.34400000000000003,0.319
hay,0.346,0.22799999999999998,0.22400000000000003,0.23399999999999999,0.254
office,0.38,0.42800000000000005,0.388,0.378,0.33999999999999997
arm,0.366,0.246,0.21800000000000003,0.23399999999999999,0.22599999999999998
news happy,0.682,0.317,0.362,0.34400000000000003,0.319
news happy,0.682,0.317,0.362,0.34400000000000003,0.319
news happy,0.682,0.317,0.362,0.34400000000000003,0.319
news happy,0.682,0.317,0.362,0.34400000000000003,0.319
news happy,0.682,0.317,0.362,0.34400000000000003,0.319
custom,0.442,0.242,0.256,0.236,0.23399999999999999
news happy,0.682,0.317,0.362,0.34400000000000003,0.319
beautiful,0.9019999999999999,0.244,0.264,0.262,0.236
arm,0.366,0.246,0.21800000000000003,0.23399999999999999,0.22599999999999998
not,0,0,0,0,0
office,0.38,0.42800000000000005,0.388,0.378,0.33999999999999997
sick home,0.5239999999999999,0.359,0.462,0.39,0.36500000000000005
like broken,0.18239999999999998,0.46240000000000003,0.5168,0.38560000000000005,0.272
arm,0.366,0.246,0.21800000000000003,0.23399999999999999,0.22599999999999998
not,0,0,0,0,0
more,0,0,0,0,0
like,0,0,0,0,0
not,0,0,0,0,0
not,0,0,0,0,0
not,0,0,0,0,0
office,0.38,0.42800000000000005,0.388,0.378,0.33999999999999997
not,0,0,0,0,0
not,0,0,0,0,0
not,0,0,0,0,0
not,0,0,0,0,0
not,0,0,0,0,0
not,0,0,0,0,0
not,0,0,0,0,0
not,0,0,0,0,0
dark space,0.437,0.285,0.367,0.492,0.23700000000000002
paint paint easy,0.588,0.258,0.24466666666666667,0.242,0.23399999999999999
any,0,0,0,0,0
not,0,0,0,0,0
any,0,0,0,0,0
more,0,0,0,0,0
learn,0.706,0.33999999999999997,0.304,0.33199999999999996,0.22200000000000003
more,0,0,0,0,0
key more,0.422,0.266,0.244,0.25,0.22599999999999998
arm,0.366,0.246,0.21800000000000003,0.23399999999999999,0.22599999999999998
arm,0.366,0.246,0.21800000000000003,0.23399999999999999,0.22599999999999998
more,0,0,0,0,0
home like candy fever,0.5610666666666666,0.2909333333333333,0.3390666666666667,0.29533333333333334,0.26999999999999996
office,0.38,0.42800000000000005,0.388,0.378,0.33999999999999997
progress,0.724,0.22400000000000003,0.22400000000000003,0.282,0.21200000000000002
office,0.38,0.42800000000000005,0.388,0.378,0.33999999999999997
not,0,0,0,0,0
office,0.38,0.42800000000000005,0.388,0.378,0.33999999999999997
name little like,0.508,0.298,0.27799999999999997,0.264,0.252
news,0.42800000000000005,0.418,0.49000000000000005,0.466,0.418
any more,0,0,0,0,0
paper time,0.368,0.355,0.346,0.367,0.29000000000000004
arm,0.366,0.246,0.21800000000000003,0.23399999999999999,0.22599999999999998
not,0,0,0,0,0
computer,0.538,0.368,0.258,0.286,0.284
computer,0.538,0.368,0.258,0.286,0.284
music,0.852,0.32599999999999996,0.358,0.264,0.244
useful god,0.747,0.265,0.257,0.303,0.221
more,0,0,0,0,0
more,0,0,0,0,0
child safe,0.8230000000000001,0.231,0.259,0.29300000000000004,0.21799999999999997
not,0,0,0,0,0
computer,0.538,0.368,0.258,0.286,0.284
education,0.764,0.29,0.258,0.3,0.24
useful tool,0.513,0.26,0.23700000000000002,0.24900000000000003,0.23500000000000001
more,0,0,0,0,0
not,0,0,0,0,0
not,0,0,0,0,0
more,0,0,0,0,0
more,0,0,0,0,0
any more,0,0,0,0,0
home,0.82,0.284,0.346,0.264,0.244
not,0,0,0,0,0
never,0,0,0,0,0
tool,0.316,0.266,0.242,0.27,0.246
more,0,0,0,0,0
more,0,0,0,0,0
computer,0.538,0.368,0.258,0.286,0.284
not,0,0,0,0,0
not,0,0,0,0,0
arm,0.366,0.246,0.21800000000000003,0.23399999999999999,0.22599999999999998
people,0.626,0.382,0.38,0.386,0.344
not,0,0,0,0,0
education,0.764,0.29,0.258,0.3,0.24
more,0,0,0,0,0
education,0.764,0.29,0.258,0.3,0.24
not,0,0,0,0,0
beautiful,0.9019999999999999,0.244,0.264,0.262,0.236
not,0,0,0,0,0
more,0,0,0,0,0
not,0,0,0,0,0
arm,0.366,0.246,0.21800000000000003,0.23399999999999999,0.22599999999999998
arm,0.366,0.246,0.21800000000000003,0.23399999999999999,0.22599999999999998
learn,0.706,0.33999999999999997,0.304,0.33199999999999996,0.22200000000000003
learn,0.706,0.33999999999999997,0.304,0.33199999999999996,0.22200000000000003
more,0,0,0,0,0
life save power,0.77,0.31466666666666665,0.31533333333333335,0.392,0.25733333333333336
office,0.38,0.42800000000000005,0.388,0.378,0.33999999999999997
more,0,0,0,0,0
arm,0.366,0.246,0.21800000000000003,0.23399999999999999,0.22599999999999998
pie,0.772,0.244,0.238,0.23199999999999998,0.266
answer mail never,0.5890000000000001,0.27999999999999997,0.27,0.292,0.22800000000000004
more,0,0,0,0,0
arm,0.366,0.246,0.21800000000000003,0.23399999999999999,0.22599999999999998
more,0,0,0,0,0
more,0,0,0,0,0
not,0,0,0,0,0
mail dark,0.5349999999999999,0.30199999999999994,0.352,0.449,0.24299999999999997
fun,0.932,0.20800000000000002,0.21400000000000002,0.22400000000000003,0.20600000000000002
earth,0.724,0.33999999999999997,0.394,0.386,0.33799999999999997
industry,0.378,0.322,0.296,0.282,0.33799999999999997
arm,0.366,0.246,0.21800000000000003,0.23399999999999999,0.22599999999999998
not,0,0,0,0,0
tool tool,0.316,0.266,0.242,0.27,0.246
not,0,0,0,0,0
arm,0.366,0.246,0.21800000000000003,0.23399999999999999,0.22599999999999998
arm,0.366,0.246,0.21800000000000003,0.23399999999999999,0.22599999999999998
not,0,0,0,0,0
not,0,0,0,0,0
arm,0.366,0.246,0.21800000000000003,0.23399999999999999,0.22599999999999998
learn more,0.706,0.33999999999999997,0.304,0.33199999999999996,0.22200000000000003
crash,0.238,0.564,0.6759999999999999,0.728,0.434
more,0,0,0,0,0
mail dark,0.5349999999999999,0.30199999999999994,0.352,0.449,0.24299999999999997
powerful,0.6679999999999999,0.32,0.256,0.45,0.262
more,0,0,0,0,0
progress,0.724,0.22400000000000003,0.22400000000000003,0.282,0.21200000000000002
not holiday people,0.346,0.5730000000000001,0.5449999999999999,0.573,0.563
not,0,0,0,0,0
arm,0.366,0.246,0.21800000000000003,0.23399999999999999,0.22599999999999998
mail dark,0.5349999999999999,0.30199999999999994,0.352,0.449,0.24299999999999997
too life,0.5471999999999999,0.2136,0.24,0.2424,0.1632
custom,0.442,0.242,0.256,0.236,0.23399999999999999
couple,0.8099999999999999,0.288,0.324,0.322,0.246
more,0,0,0,0,0
letter,0.584,0.264,0.296,0.296,0.242
quick,0.506,0.266,0.262,0.282,0.22799999999999998
not,0,0,0,0,0
not,0,0,0,0,0
custom,0.442,0.242,0.256,0.236,0.23399999999999999
crash,0.238,0.564,0.6759999999999999,0.728,0.434
arm,0.366,0.246,0.21800000000000003,0.23399999999999999,0.22599999999999998
arm,0.366,0.246,0.21800000000000003,0.23399999999999999,0.22599999999999998
arm,0.366,0.246,0.21800000000000003,0.23399999999999999,0.22599999999999998
mail dark,0.5349999999999999,0.30199999999999994,0.352,0.449,0.24299999999999997
mail dark,0.5349999999999999,0.30199999999999994,0.352,0.449,0.24299999999999997
arm,0.366,0.246,0.21800000000000003,0.23399999999999999,0.22599999999999998
not,0,0,0,0,0
home,0.82,0.284,0.346,0.264,0.244
not,0,0,0,0,0
home,0.82,0.284,0.346,0.264,0.244
arm,0.366,0.246,0.21800000000000003,0.23399999999999999,0.22599999999999998
present,0.8099999999999999,0.252,0.27,0.272,0.22400000000000003
not,0,0,0,0,0
not,0,0,0,0,0
time,0.414,0.356,0.39,0.43200000000000005,0.264
present,0.8099999999999999,0.252,0.27,0.272,0.22400000000000003
not,0,0,0,0,0
save,0.706,0.246,0.266,0.296,0.20600000000000002
not,0,0,0,0,0
arm,0.366,0.246,0.21800000000000003,0.23399999999999999,0.22599999999999998
save,0.706,0.246,0.266,0.296,0.20600000000000002
arm,0.366,0.246,0.21800000000000003,0.23399999999999999,0.22599999999999998
save,0.706,0.246,0.266,0.296,0.20600000000000002
arm,0.366,0.246,0.21800000000000003,0.23399999999999999,0.22599999999999998
arm,0.366,0.246,0.21800000000000003,0.23399999999999999,0.22599999999999998
not,0,0,0,0,0
not,0,0,0,0,0
not,0,0,0,0,0
not,0,0,0,0,0
arm,0.366,0.246,0.21800000000000003,0.23399999999999999,0.22599999999999998
arm,0.366,0.246,0.21800000000000003,0.23399999999999999,0.22599999999999998
arm,0.366,0.246,0.21800000000000003,0.23399999999999999,0.22599999999999998
arm,0.366,0.246,0.21800000000000003,0.23399999999999999,0.22599999999999998
not,0,0,0,0,0
not,0,0,0,0,0
not,0,0,0,0,0
not,0,0,0,0,0
not,0,0,0,0,0
hate hate,0.20400000000000001,0.8119999999999999,0.648,0.636,0.604
not,0,0,0,0,0
not,0,0,0,0,0
mail dark,0.5349999999999999,0.30199999999999994,0.352,0.449,0.24299999999999997
option,0.5780000000000001,0.264,0.238,0.314,0.21600000000000003
progress,0.724,0.22400000000000003,0.22400000000000003,0.282,0.21200000000000002
not,0,0,0,0,0
not,0,0,0,0,0
mail dark,0.5349999999999999,0.30199999999999994,0.352,0.449,0.24299999999999997
not,0,0,0,0,0
mail dark,0.5349999999999999,0.30199999999999994,0.352,0.449,0.24299999999999997
home quite,0.82,0.284,0.346,0.264,0.244
industry,0.378,0.322,0.296,0.282,0.33799999999999997
home hide,0.55,0.29900000000000004,0.363,0.42300000000000004,0.251
progress,0.724,0.22400000000000003,0.22400000000000003,0.282,0.21200000000000002
not health,0.15399999999999991,0.666,0.624,0.554,0.7060000000000001
not,0,0,0,0,0
not,0,0,0,0,0
life,0.9119999999999999,0.356,0.4,0.404,0.272
industry,0.378,0.322,0.296,0.282,0.33799999999999997
tool,0.316,0.266,0.242,0.27,0.246
not,0,0,0,0,0
learn,0.706,0.33999999999999997,0.304,0.33199999999999996,0.22200000000000003
more love,0.472,0.16999999999999998,0.21600000000000003,0.205,0.122
tool,0.316,0.266,0.242,0.27,0.246
any,0,0,0,0,0
part,0.316,0.256,0.298,0.274,0.252
very,0,0,0,0,0
very,0,0,0,0,0
tool,0.316,0.266,0.242,0.27,0.246
any,0,0,0,0,0
glass,0.378,0.272,0.282,0.368,0.23399999999999999
watch,0.4,0.25,0.27599999999999997,0.284,0.258
machine,0.37,0.33799999999999997,0.27599999999999997,0.364,0.27799999999999997
fun,0.932,0.20800000000000002,0.21400000000000002,0.22400000000000003,0.20600000000000002
present,0.8099999999999999,0.252,0.27,0.272,0.22400000000000003
not health,0.15399999999999991,0.666,0.624,0.554,0.7060000000000001
present,0.8099999999999999,0.252,0.27,0.272,0.22400000000000003
book,0.606,0.4,0.4,0.372,0.36
tool,0.316,0.266,0.242,0.27,0.246
useful tool,0.513,0.26,0.23700000000000002,0.24900000000000003,0.23500000000000001
more,0,0,0,0,0
like mind cute,0.6782,0.2656,0.278,0.28020000000000006,0.2528
not,0,0,0,0,0
easy,0.784,0.22200000000000003,0.22999999999999998,0.238,0.21800000000000003
like,0,0,0,0,0
not,0,0,0,0,0
people,0.626,0.382,0.38,0.386,0.344
health,0.8460000000000001,0.33399999999999996,0.376,0.446,0.294
not,0,0,0,0,0
present,0.8099999999999999,0.252,0.27,0.272,0.22400000000000003
easy,0.784,0.22200000000000003,0.22999999999999998,0.238,0.21800000000000003
life time,0.6629999999999999,0.356,0.395,0.418,0.268
life time,0.6629999999999999,0.356,0.395,0.418,0.268
dark,0.362,0.32799999999999996,0.434,0.614,0.252
dark green,0.49399999999999994,0.274,0.33399999999999996,0.414,0.24
free,0.8720000000000001,0.22999999999999998,0.22999999999999998,0.266,0.21800000000000003
not,0,0,0,0,0
not,0,0,0,0,0
not,0,0,0,0,0
not,0,0,0,0,0
tool,0.316,0.266,0.242,0.27,0.246
machine,0.37,0.33799999999999997,0.27599999999999997,0.364,0.27799999999999997
tool,0.316,0.266,0.242,0.27,0.246
key more,0.422,0.266,0.244,0.25,0.22599999999999998
key,0.422,0.266,0.244,0.25,0.22599999999999998
red,0.458,0.47000000000000003,0.282,0.388,0.264
not time,0.5860000000000001,0.6439999999999999,0.61,0.568,0.736
most,0,0,0,0,0
present,0.8099999999999999,0.252,0.27,0.272,0.22400000000000003
not,0,0,0,0,0
not,0,0,0,0,0
not,0,0,0,0,0
more,0,0,0,0,0
knowledge,0.6799999999999999,0.23399999999999999,0.236,0.256,0.22999999999999998
not,0,0,0,0,0
quick,0.506,0.266,0.262,0.282,0.22799999999999998
win,0.874,0.27,0.264,0.27,0.23399999999999999
more,0,0,0,0,0
not,0,0,0,0,0
most,0,0,0,0,0
like love,0.7552,0.272,0.3456,0.32799999999999996,0.19519999999999998
most,0,0,0,0,0
most,0,0,0,0,0
most,0,0,0,0,0
most,0,0,0,0,0
complete,0,0,0,0,0
office,0.38,0.42800000000000005,0.388,0.378,0.33999999999999997
time,0.414,0.356,0.39,0.43200000000000005,0.264
any like,0,0,0,0,0
watch,0.4,0.25,0.27599999999999997,0.284,0.258
not,0,0,0,0,0
more memory,0.33599999999999997,0.2,0.24700000000000003,0.192,0.16899999999999998
more,0,0,0,0,0
more,0,0,0,0,0
not,0,0,0,0,0
any window useful,0.632,0.51,0.481,0.48999999999999994,0.5
any window useful,0.632,0.51,0.481,0.48999999999999994,0.5
too,0,0,0,0,0
more,0,0,0,0,0
any window useful,0.632,0.51,0.481,0.48999999999999994,0.5
not,0,0,0,0,0
machine,0.37,0.33799999999999997,0.27599999999999997,0.364,0.27799999999999997
watch,0.4,0.25,0.27599999999999997,0.284,0.258
not,0,0,0,0,0
power mobility,0.663,0.30999999999999994,0.28099999999999997,0.399,0.27999999999999997
more,0,0,0,0,0
more,0,0,0,0,0
not,0,0,0,0,0
not,0,0,0,0,0
not,0,0,0,0,0
freedom free,0.8780000000000001,0.24299999999999997,0.258,0.302,0.22400000000000003
not,0,0,0,0,0
not,0,0,0,0,0
honor,0.8300000000000001,0.26,0.268,0.268,0.256
not,0,0,0,0,0
win,0.874,0.27,0.264,0.27,0.23399999999999999
win,0.874,0.27,0.264,0.27,0.23399999999999999
not,0,0,0,0,0
not,0,0,0,0,0
not,0,0,0,0,0
not,0,0,0,0,0
cut,0.22200000000000003,0.562,0.51,0.61,0.49400000000000005
good,0.884,0.23399999999999999,0.22799999999999998,0.242,0.22599999999999998
not,0,0,0,0,0
good,0.884,0.23399999999999999,0.22799999999999998,0.242,0.22599999999999998
good,0.884,0.23399999999999999,0.22799999999999998,0.242,0.22599999999999998
good,0.884,0.23399999999999999,0.22799999999999998,0.242,0.22599999999999998
rough strong,0.496,0.381,0.294,0.365,0.25599999999999995
win office,0.627,0.34900000000000003,0.32599999999999996,0.324,0.28700000000000003
fun,0.932,0.20800000000000002,0.21400000000000002,0.22400000000000003,0.20600000000000002
not,0,0,0,0,0
not not,0,0,0,0,0
honor,0.8300000000000001,0.26,0.268,0.268,0.256
not time,0.5860000000000001,0.6439999999999999,0.61,0.568,0.736
war,0.22999999999999998,0.736,0.734,0.79,0.618
free learn more,0.789,0.285,0.267,0.29900000000000004,0.22000000000000003
more,0,0,0,0,0
watch movie,0.593,0.298,0.351,0.33499999999999996,0.29500000000000004
learn most,0.706,0.33999999999999997,0.304,0.33199999999999996,0.22200000000000003
learn most,0.706,0.33999999999999997,0.304,0.33199999999999996,0.22200000000000003
more,0,0,0,0,0
swift,0.40800000000000003,0.244,0.236,0.25,0.21600000000000003
not,0,0,0,0,0
computer,0.538,0.368,0.258,0.286,0.284
time,0.414,0.356,0.39,0.43200000000000005,0.264
like,0,0,0,0,0
watch,0.4,0.25,0.27599999999999997,0.284,0.258
computer,0.538,0.368,0.258,0.286,0.284
most,0,0,0,0,0
powerful,0.6679999999999999,0.32,0.256,0.45,0.262
learn most,0.706,0.33999999999999997,0.304,0.33199999999999996,0.22200000000000003
cut,0.22200000000000003,0.562,0.51,0.61,0.49400000000000005
not not,0,0,0,0,0
more,0,0,0,0,0
more,0,0,0,0,0
more,0,0,0,0,0
more,0,0,0,0,0
fun,0.932,0.20800000000000002,0.21400000000000002,0.22400000000000003,0.20600000000000002
idea idea,0.612,0.264,0.266,0.264,0.242
people,0.626,0.382,0.38,0.386,0.344
watch learn,0.5529999999999999,0.29500000000000004,0.29,0.308,0.24000000000000005
computer not,0.538,0.368,0.258,0.286,0.284
more,0,0,0,0,0
people,0.626,0.382,0.38,0.386,0.344
idea idea,0.612,0.264,0.266,0.264,0.242
people,0.626,0.382,0.38,0.386,0.344
fun,0.932,0.20800000000000002,0.21400000000000002,0.22400000000000003,0.20600000000000002
crash,0.238,0.564,0.6759999999999999,0.728,0.434
people,0.626,0.382,0.38,0.386,0.344
learn,0.706,0.33999999999999997,0.304,0.33199999999999996,0.22200000000000003
more,0,0,0,0,0
fun,0.932,0.20800000000000002,0.21400000000000002,0.22400000000000003,0.20600000000000002
fun,0.932,0.20800000000000002,0.21400000000000002,0.22400000000000003,0.20600000000000002
fun,0.932,0.20800000000000002,0.21400000000000002,0.22400000000000003,0.20600000000000002
fun,0.932,0.20800000000000002,0.21400000000000002,0.22400000000000003,0.20600000000000002
more,0,0,0,0,0
idea idea,0.612,0.264,0.266,0.264,0.242
crash,0.238,0.564,0.6759999999999999,0.728,0.434
custom,0.442,0.242,0.256,0.236,0.23399999999999999
man,0.6679999999999999,0.396,0.362,0.36,0.33999999999999997
man,0.6679999999999999,0.396,0.362,0.36,0.33999999999999997
quick,0.506,0.266,0.262,0.282,0.22799999999999998
dead,0.258,0.484,0.702,0.634,0.4
achievement,0.8779999999999999,0.21200000000000002,0.22799999999999998,0.262,0.21200000000000002
not very,0,0,0,0,0
quick,0.506,0.266,0.262,0.282,0.22799999999999998
time machine,0.392,0.347,0.333,0.398,0.271
office,0.38,0.42800000000000005,0.388,0.378,0.33999999999999997
learn most,0.706,0.33999999999999997,0.304,0.33199999999999996,0.22200000000000003
time,0.414,0.356,0.39,0.43200000000000005,0.264
imagine,0.716,0.236,0.252,0.312,0.22999999999999998
game,0.706,0.378,0.318,0.294,0.24
game,0.706,0.378,0.318,0.294,0.24
win,0.874,0.27,0.264,0.27,0.23399999999999999
game,0.706,0.378,0.318,0.294,0.24
more,0,0,0,0,0
computer,0.538,0.368,0.258,0.286,0.284
quick,0.506,0.266,0.262,0.282,0.22799999999999998
quick,0.506,0.266,0.262,0.282,0.22799999999999998
quick,0.506,0.266,0.262,0.282,0.22799999999999998
quick,0.506,0.266,0.262,0.282,0.22799999999999998
quick,0.506,0.266,0.262,0.282,0.22799999999999998
arm,0.366,0.246,0.21800000000000003,0.23399999999999999,0.22599999999999998
not,0,0,0,0,0
learn most,0.706,0.33999999999999997,0.304,0.33199999999999996,0.22200000000000003
thought part,0.44000000000000006,0.32,0.348,0.33399999999999996,0.298
bar computer hit key,0.4734999999999999,0.3995,0.33349999999999996,0.356,0.3225
more,0,0,0,0,0
more,0,0,0,0,0
learn most,0.706,0.33999999999999997,0.304,0.33199999999999996,0.22200000000000003
less,0,0,0,0,0
easy,0.784,0.22200000000000003,0.22999999999999998,0.238,0.21800000000000003
watch,0.4,0.25,0.27599999999999997,0.284,0.258
most computer cold,0.3891,0.3866,0.3391,0.3167,0.2758
complete,0,0,0,0,0
most,0,0,0,0,0
freedom free,0.8780000000000001,0.24299999999999997,0.258,0.302,0.22400000000000003
hard,0.32999999999999996,0.44400000000000006,0.35,0.442,0.27999999999999997
learn most,0.706,0.33999999999999997,0.304,0.33199999999999996,0.22200000000000003
more,0,0,0,0,0
time,0.414,0.356,0.39,0.43200000000000005,0.264
more,0,0,0,0,0
not not,0,0,0,0,0
learn most,0.706,0.33999999999999997,0.304,0.33199999999999996,0.22200000000000003
nice,0.8539999999999999,0.22200000000000003,0.23199999999999998,0.22799999999999998,0.22400000000000003
nice,0.8539999999999999,0.22200000000000003,0.23199999999999998,0.22799999999999998,0.22400000000000003
not,0,0,0,0,0
nonsense truth,0.515,0.341,0.30300000000000005,0.32199999999999995,0.29500000000000004
powerful,0.6679999999999999,0.32,0.256,0.45,0.262
time,0.414,0.356,0.39,0.43200000000000005,0.264
more,0,0,0,0,0
fear,0.22400000000000003,0.454,0.504,0.874,0.32799999999999996
fear,0.22400000000000003,0.454,0.504,0.874,0.32799999999999996
never time art,0.636,0.496,0.493,0.441,0.5319999999999999
fear,0.22400000000000003,0.454,0.504,0.874,0.32799999999999996
watch,0.4,0.25,0.27599999999999997,0.284,0.258
watch,0.4,0.25,0.27599999999999997,0.284,0.258
tool arm,0.341,0.256,0.22999999999999998,0.252,0.236
more,0,0,0,0,0
tool arm,0.341,0.256,0.22999999999999998,0.252,0.236
tool arm,0.341,0.256,0.22999999999999998,0.252,0.236
any,0,0,0,0,0
like,0,0,0,0,0
tidy,0.6679999999999999,0.254,0.236,0.242,0.23199999999999998
more,0,0,0,0,0
tidy,0.6679999999999999,0.254,0.236,0.242,0.23199999999999998
computer,0.538,0.368,0.258,0.286,0.284
book,0.606,0.4,0.4,0.372,0.36
machine,0.37,0.33799999999999997,0.27599999999999997,0.364,0.27799999999999997
tidy,0.6679999999999999,0.254,0.236,0.242,0.23199999999999998
easy context,0.5309999999999999,0.23700000000000002,0.23499999999999996,0.24100000000000002,0.22199999999999998
tidy,0.6679999999999999,0.254,0.236,0.242,0.23199999999999998
tidy,0.6679999999999999,0.254,0.236,0.242,0.23199999999999998
more,0,0,0,0,0
computer,0.538,0.368,0.258,0.286,0.284
tidy,0.6679999999999999,0.254,0.236,0.242,0.23199999999999998
education,0.764,0.29,0.258,0.3,0.24
achievement,0.8779999999999999,0.21200000000000002,0.22799999999999998,0.262,0.21200000000000002
powerful,0.6679999999999999,0.32,0.256,0.45,0.262
more,0,0,0,0,0
learn most,0.706,0.33999999999999997,0.304,0.33199999999999996,0.22200000000000003
more,0,0,0,0,0
powerful,0.6679999999999999,0.32,0.256,0.45,0.262
learn most,0.706,0.33999999999999997,0.304,0.33199999999999996,0.22200000000000003
more,0,0,0,0,0
man,0.6679999999999999,0.396,0.362,0.36,0.33999999999999997
time,0.414,0.356,0.39,0.43200000000000005,0.264
powerful,0.6679999999999999,0.32,0.256,0.45,0.262
more,0,0,0,0,0
tool,0.316,0.266,0.242,0.27,0.246
less more,0,0,0,0,0
any,0,0,0,0,0
game like broken any,0.44420000000000004,0.4202,0.41740000000000005,0.3398,0.256
more,0,0,0,0,0
people not,0.626,0.382,0.38,0.386,0.344
nun,0.46399999999999997,0.27799999999999997,0.322,0.27,0.24
not,0,0,0,0,0
watch,0.4,0.25,0.27599999999999997,0.284,0.258
useful win,0.792,0.262,0.248,0.24900000000000003,0.229
more,0,0,0,0,0
more,0,0,0,0,0
game like broken,0.44420000000000004,0.4202,0.41740000000000005,0.3398,0.256
home,0.82,0.284,0.346,0.264,0.244
more,0,0,0,0,0
computer,0.538,0.368,0.258,0.286,0.284
more,0,0,0,0,0
not,0,0,0,0,0
not,0,0,0,0,0
learn most,0.706,0.33999999999999997,0.304,0.33199999999999996,0.22200000000000003
hide,0.27999999999999997,0.314,0.38,0.5820000000000001,0.258
not very,0,0,0,0,0
green,0.626,0.22000000000000003,0.23399999999999999,0.21400000000000002,0.22799999999999998
powerful,0.6679999999999999,0.32,0.256,0.45,0.262
learn most,0.706,0.33999999999999997,0.304,0.33199999999999996,0.22200000000000003
learn most,0.706,0.33999999999999997,0.304,0.33199999999999996,0.22200000000000003
powerful,0.6679999999999999,0.32,0.256,0.45,0.262
more,0,0,0,0,0
sick too,0.22799999999999998,0.434,0.5780000000000001,0.516,0.48600000000000004
more,0,0,0,0,0
powerful,0.6679999999999999,0.32,0.256,0.45,0.262
game,0.706,0.378,0.318,0.294,0.24
game,0.706,0.378,0.318,0.294,0.24
paper,0.322,0.354,0.302,0.302,0.316
paper,0.322,0.354,0.302,0.302,0.316
custom,0.442,0.242,0.256,0.236,0.23399999999999999
not,0,0,0,0,0
more,0,0,0,0,0
more,0,0,0,0,0
more,0,0,0,0,0
key,0.422,0.266,0.244,0.25,0.22599999999999998
more life,0.45599999999999996,0.178,0.2,0.202,0.136
powerful,0.6679999999999999,0.32,0.256,0.45,0.262
present,0.8099999999999999,0.252,0.27,0.272,0.22400000000000003
machine not,0.37,0.33799999999999997,0.27599999999999997,0.364,0.27799999999999997
pinch,0.242,0.518,0.316,0.36,0.27
pinch,0.242,0.518,0.316,0.36,0.27
time,0.414,0.356,0.39,0.43200000000000005,0.264
time,0.414,0.356,0.39,0.43200000000000005,0.264
time,0.414,0.356,0.39,0.43200000000000005,0.264
any,0,0,0,0,0
more,0,0,0,0,0
wine,0.74,0.29,0.368,0.282,0.308
powerful,0.6679999999999999,0.32,0.256,0.45,0.262
not,0,0,0,0,0
more,0,0,0,0,0
powerful,0.6679999999999999,0.32,0.256,0.45,0.262
quality,0.71,0.29,0.268,0.252,0.254
news,0.42800000000000005,0.418,0.49000000000000005,0.466,0.418
powerful,0.6679999999999999,0.32,0.256,0.45,0.262
more,0,0,0,0,0
powerful,0.6679999999999999,0.32,0.256,0.45,0.262
more,0,0,0,0,0
powerful,0.6679999999999999,0.32,0.256,0.45,0.262
panic tool,0.278,0.367,0.375,0.531,0.29100000000000004
more,0,0,0,0,0
learn most,0.706,0.33999999999999997,0.304,0.33199999999999996,0.22200000000000003
joy,0.906,0.21400000000000002,0.22999999999999998,0.21600000000000003,0.22000000000000003
more,0,0,0,0,0
powerful,0.6679999999999999,0.32,0.256,0.45,0.262
more,0,0,0,0,0
more,0,0,0,0,0
powerful,0.6679999999999999,0.32,0.256,0.45,0.262
learn most,0.706,0.33999999999999997,0.304,0.33199999999999996,0.22200000000000003
powerful,0.6679999999999999,0.32,0.256,0.45,0.262
powerful,0.6679999999999999,0.32,0.256,0.45,0.262
powerful,0.6679999999999999,0.32,0.256,0.45,0.262
power,0.692,0.34199999999999997,0.27999999999999997,0.476,0.294
learn,0.706,0.33999999999999997,0.304,0.33199999999999996,0.22200000000000003
good,0.884,0.23399999999999999,0.22799999999999998,0.242,0.22599999999999998
death,0.25,0.632,0.8800000000000001,0.786,0.442
option,0.5780000000000001,0.264,0.238,0.314,0.21600000000000003
hard,0.32999999999999996,0.44400000000000006,0.35,0.442,0.27999999999999997
idea,0.612,0.264,0.266,0.264,0.242
little not,0,0,0,0,0
panic,0.24,0.46799999999999997,0.508,0.792,0.33599999999999997
space,0.512,0.242,0.3,0.37,0.22200000000000003
game,0.706,0.378,0.318,0.294,0.24
game,0.706,0.378,0.318,0.294,0.24
game,0.706,0.378,0.318,0.294,0.24
key,0.422,0.266,0.244,0.25,0.22599999999999998
learn,0.706,0.33999999999999997,0.304,0.33199999999999996,0.22200000000000003
little not,0,0,0,0,0
any cat,0.44000000000000006,0.71,0.748,0.696,0.67
useful,0.71,0.254,0.23199999999999998,0.22799999999999998,0.22400000000000003
learn,0.706,0.33999999999999997,0.304,0.33199999999999996,0.22200000000000003
not,0,0,0,0,0
hay,0.346,0.22799999999999998,0.22400000000000003,0.23399999999999999,0.254
time,0.414,0.356,0.39,0.43200000000000005,0.264
any cat,0.44000000000000006,0.71,0.748,0.696,0.67
most,0,0,0,0,0
like,0,0,0,0,0
quality,0.71,0.29,0.268,0.252,0.254
learn most,0.706,0.33999999999999997,0.304,0.33199999999999996,0.22200000000000003
any cat,0.44000000000000006,0.71,0.748,0.696,0.67
nice,0.8539999999999999,0.22200000000000003,0.23199999999999998,0.22799999999999998,0.22400000000000003
quality,0.71,0.29,0.268,0.252,0.254
time,0.414,0.356,0.39,0.43200000000000005,0.264
time,0.414,0.356,0.39,0.43200000000000005,0.264
quality,0.71,0.29,0.268,0.252,0.254
news,0.42800000000000005,0.418,0.49000000000000005,0.466,0.418
quality,0.71,0.29,0.268,0.252,0.254
news,0.42800000000000005,0.418,0.49000000000000005,0.466,0.418
news,0.42800000000000005,0.418,0.49000000000000005,0.466,0.418
dark space,0.437,0.285,0.367,0.492,0.23700000000000002
kind,0.834,0.22200000000000003,0.22200000000000003,0.20600000000000002,0.21000000000000002
option,0.5780000000000001,0.264,0.238,0.314,0.21600000000000003
panic complete,0.24,0.46799999999999997,0.508,0.792,0.33599999999999997
news,0.42800000000000005,0.418,0.49000000000000005,0.466,0.418
power,0.692,0.34199999999999997,0.27999999999999997,0.476,0.294
more,0,0,0,0,0
power,0.692,0.34199999999999997,0.27999999999999997,0.476,0.294
achievement,0.8779999999999999,0.21200000000000002,0.22799999999999998,0.262,0.21200000000000002
learn most,0.706,0.33999999999999997,0.304,0.33199999999999996,0.22200000000000003
crash,0.238,0.564,0.6759999999999999,0.728,0.434
heart,0.742,0.27599999999999997,0.348,0.306,0.262
very,0,0,0,0,0
learn most,0.706,0.33999999999999997,0.304,0.33199999999999996,0.22200000000000003
honor,0.8300000000000001,0.26,0.268,0.268,0.256
learn most,0.706,0.33999999999999997,0.304,0.33199999999999996,0.22200000000000003
crash,0.238,0.564,0.6759999999999999,0.728,0.434
machine,0.37,0.33799999999999997,0.27599999999999997,0.364,0.27799999999999997
learn most,0.706,0.33999999999999997,0.304,0.33199999999999996,0.22200000000000003
part,0.316,0.256,0.298,0.274,0.252
time,0.414,0.356,0.39,0.43200000000000005,0.264
